x,y,fz,s0,s1,s2,s3
0.0,0.0,0.3836517333984375,0.3348282124460461,0.3328415528851405,0.5944333251763754,0.950461734109102
0.0,0.0,0.4788188934326172,0.4648937468474269,0.460322558376769,0.8717555293973308,1.3939421977822215
-1.0,1.0,0.6011524200439453,0.1254435880269564,0.2082589242077253,0.2898249690341698,1.318219360121934
-1.0,1.0,0.5585050582885742,0.1214887421833811,0.20724746918782944,0.29338806289672104,1.221268553031706
1.0,1.0,0.6017379760742188,0.2859347537089464,0.0654502049815967,1.1954980670079285,0.3553192010066986
1.0,1.0,0.5434398651123047,0.2313552431880213,0.0629166117450706,1.256358237490356,0.3166364619629486
-1.0,-1.0,0.4927883148193359,0.1530584305296531,0.6499007192952648,0.3215169300657656,0.7768144010808904
-1.0,-1.0,0.4120407104492187,0.1374705769414929,0.5064029858395941,0.1604462030953018,0.6557052908158743
1.0,-1.0,0.3626556396484375,0.6851258896269603,0.1188487672553783,0.4274909254310154,0.0961828814620829
1.0,-1.0,0.2972793579101562,0.543126591674052,0.1059978049080135,0.4212374008661979,0.183257924015604
0.0,0.0,0.7020549774169922,0.7039020811020562,0.6478543056748493,1.2598943860572829,1.886795683216328
0.0,0.0,0.7838821411132812,0.8197817528711654,0.8431408291251478,1.4418852699438656,2.299790743139075
-1.0,1.0,0.9996910095214844,0.164788241395083,0.4407379938515574,0.5231242391687211,2.478920262770981
-1.0,1.0,1.041682243347168,0.17703353737036098,0.4575790769667897,0.5666469094949591,2.8478289570827444
1.0,1.0,0.8906879425048828,0.4572989794338826,0.1394653492303905,2.072295911840046,0.7099672840554794
1.0,1.0,0.8619403839111328,0.4495348240523368,0.096875592057617,2.069553140308247,0.6104564417197239
-1.0,-1.0,0.7619867324829102,0.2311023411120259,0.9753619379953885,0.4278140327764567,1.1867285478653509
-1.0,-1.0,0.6631011962890625,0.2548302596912993,0.9409448082128375,0.4023206426789911,1.1805350597036826
1.0,-1.0,0.630523681640625,1.0770005167761576,0.22101370096884632,0.7030062085160674,0.40392691627640653
1.0,-1.0,0.5997400283813477,1.0262866889960625,0.1718587563295214,0.7169193275057315,0.3435063619342653
0.0,0.0,1.1026840209960938,1.1488256427726715,1.1719750239753022,2.0384138825809375,3.2767404327019807
0.0,0.0,1.1157455444335938,1.2279599811420516,1.294368583072256,2.248510914329956,3.531181500620681
-1.0,1.0,1.3804283142089844,0.1703891733774084,0.6452484275822161,0.774789891449468,4.136928026173204
-1.0,1.0,1.3292407989501953,0.14653670080897824,0.6216587081496927,0.650114372880207,4.018427292930962
1.0,1.0,1.2676515579223633,0.6058528001274048,0.20637769364781006,3.106568762852235,1.1147301884818126
1.0,1.0,1.213240623474121,0.5730136461907954,0.1481549646708054,3.072832963245941,1.0534996417000113
-1.0,-1.0,1.0863151550292969,0.2514415000193063,1.3614774363395838,0.5358010079068019,1.5839105797522608
-1.0,-1.0,1.030447006225586,0.2901416345438726,1.356323666883854,0.4674303356345853,1.4849475840991948
1.0,-1.0,0.9600105285644532,1.5477683527561414,0.2710911049790375,0.974250732404216,0.5524837135165955
1.0,-1.0,0.9109830856323242,1.5101107067652715,0.25136143862476584,1.0057989183061586,0.5175617519304914
0.0,0.0,1.5332317352294922,1.7051167087226329,1.8349236330546808,2.898370633709118,4.6572380758195235
0.0,0.0,1.5128803253173828,1.7107715279796198,1.8832576096602955,3.0335537771831955,4.973258961139444
-1.0,1.0,1.913896560668945,0.2227195433170251,0.8635986928478941,1.1068730610931574,5.9360323731357
-1.0,1.0,1.8150835037231445,0.29148428442407415,0.846796446349039,0.9871910823163541,5.731199224601184
1.0,1.0,1.757394790649414,0.8405588453333721,0.3296274445405597,4.610241018736893,1.8026312342622894
1.0,1.0,1.7496814727783203,0.7916428244765427,0.274087735310221,4.7951228387804035,1.6709220311524813
-1.0,-1.0,1.4672565460205078,0.3372011756212995,1.8144411118234858,0.6753225555096873,1.9498124940273125
-1.0,-1.0,1.5165929794311523,0.338929239454812,1.889922747695986,0.5674464360827849,1.860485752879923
1.0,-1.0,1.4522552490234375,2.5393649054641307,0.4515315984424779,1.4527235081162149,0.8208179536392592
1.0,-1.0,1.395822525024414,2.5451520290372525,0.4249300228380861,1.4288796035509006,0.7434704995565047
0.0,0.0,1.9951343536376953,2.404513257168128,2.5574845331605696,3.93335121016751,6.308149204279387
0.0,0.0,2.0019054412841797,2.435599874404767,2.5952401511095995,3.892490840817137,6.583692325190969
-1.0,1.0,2.511568069458008,0.3206279325083715,0.9915446035953268,1.5292183227125544,7.759633681739396
-1.0,1.0,2.310347557067871,0.2974805761089301,0.9397098329352689,1.300133032435611,7.433434846271712
1.0,1.0,2.3778276443481445,1.001021930605821,0.4179593780417682,6.3899048015732856,2.467328154391542
1.0,1.0,2.3295373916625977,1.0169751560519702,0.33422360463630507,6.461959605413323,2.2929746406653244
-1.0,-1.0,1.9595012664794922,0.4523342760348037,2.4169796483066937,1.0388858957590066,2.360814606046702
-1.0,-1.0,1.9307003021240237,0.4541386093969476,2.4839451624708326,0.8635862295058268,2.239242208526562
1.0,-1.0,1.935829162597656,3.432046912061161,0.6267312011996351,1.899588688305167,1.0784293556362334
1.0,-1.0,1.914896011352539,3.4912913161866603,0.572990633891628,1.9427784662389227,1.0228348068372735
0.0,0.0,2.528567314147949,2.7156769291795886,3.1031146819268645,4.711473138412698,7.587596325554505
0.0,0.0,2.417184829711914,2.6552691827924604,3.103145791990671,4.6815894932516455,7.728053388401928
-1.0,1.0,2.8995914459228516,0.4535142583189356,1.1493011399615432,1.9639090263435144,9.297917011573915
-1.0,1.0,2.738739013671875,0.4486646729244788,1.103872132372691,1.70309156644644,8.786280981189849
1.0,1.0,3.0411272048950195,1.1781802543792725,0.5081728159198583,8.000633555206,3.1558398501880562
1.0,1.0,2.9339771270751953,1.1556686440104778,0.44730299119688754,8.276514759167599,2.9843380264086203
-1.0,-1.0,2.3977527618408203,0.5276383888765065,2.999175518923307,1.1922745004211213,2.6912420377941744
-1.0,-1.0,2.332368850708008,0.5269010356511805,3.0341263323009513,0.975291872905166,2.3569030962548787
1.0,-1.0,2.504378318786621,4.572957343042187,0.8611606396201859,2.2506835366172258,1.3940784732802114
1.0,-1.0,2.38751220703125,4.529882156188875,0.7393397785369281,2.2166781194545604,1.31628640705595
0.0,0.0,2.959606170654297,3.0565660614674743,3.668636566049297,5.216568311402747,8.538760783779626
0.0,0.0,2.9251575469970703,3.0641023260153792,3.657018532014613,5.350364699793605,9.000966112553769
-1.0,1.0,3.416769027709961,0.4630769799520822,1.253493900912246,2.2482953050751964,10.905112092298912
-1.0,1.0,3.285416603088379,0.5319763676079283,1.220169556607666,1.9678512468810956,10.417278578164618
1.0,1.0,3.5730972290039062,1.294746731538755,0.5855309747433572,9.47943112779927,3.8699682062444496
1.0,1.0,3.4966211318969727,1.297337703570889,0.565677600270576,9.666312330861413,3.5385749111260125
-1.0,-1.0,2.9528884887695312,0.6789905500551419,3.760708460207387,1.4086262478864817,3.0457069227705444
-1.0,-1.0,2.8386077880859375,0.6002130015000064,3.7352829645195107,1.1578460523852416,2.8439890806355446
1.0,-1.0,3.156118392944336,6.098263018522152,1.1050292347589528,2.6489707903921262,1.737728493663655
1.0,-1.0,3.020715713500977,6.011396267887896,1.0260570966630669,2.600244577146018,1.567419450066279
0.0,0.0,3.5602340698242188,3.799125542100594,4.407928189989015,5.900011607277712,10.021130924995663
0.0,0.0,3.4606151580810547,3.719451571314611,4.27220523473196,5.975880615506548,10.60700542711119
-1.0,1.0,4.060207366943359,0.5589525040434227,1.4751153636225727,2.785663107667372,12.929810503724848
-1.0,1.0,3.9187259674072266,0.6075118935037516,1.4003557263828577,2.395316151773477,12.328987414352294
1.0,1.0,4.077524185180664,1.4096703889899267,0.7460861644845991,10.864114297145907,4.676815851488272
1.0,1.0,4.021694183349609,1.4004469112137552,0.6669516914756811,10.933292484591748,4.331636034756219
-1.0,-1.0,3.5567197799682617,0.7824058847498339,4.550719618597527,1.637523529975578,3.506908076041929
-1.0,-1.0,3.431974411010742,0.7626275997204823,4.670595863498625,1.3412124517257094,3.176044693110743
1.0,-1.0,3.7738285064697266,7.1498007742321,1.4224139398121602,3.035120623396492,2.108482072970072
1.0,-1.0,3.766162872314453,7.436060285704496,1.378977384103396,3.080985434880757,2.019628621224228
0.0,0.0,0.3649673461914062,1.1388307222793346,0.7454283118380944,1.6526298612667074,1.992263206662011
0.0,0.0,0.4214811325073242,1.071272067306818,0.7450223329141945,1.6860143580659357,2.1186616669738014
-0.8461538461538461,0.8461538461538461,0.3095436096191406,0.6123239001621043,0.46376692159654687,1.117729846548675,1.7490087090027542
-0.8461538461538461,0.8461538461538461,0.3992042541503906,0.588000620822017,0.4627687262928144,1.0511063884830685,1.9432164189853929
0.8461538461538461,0.8461538461538461,0.4562110900878906,0.6558065930301502,0.3373820211883136,1.7238182114330036,1.2359542260478533
0.8461538461538461,0.8461538461538461,0.4301834106445312,0.6574881378242727,0.32764419964270725,1.734641269949125,1.1051422598096217
-0.8461538461538461,-0.8461538461538461,0.2735366821289062,0.527479461822456,0.6452422642029064,0.8647109592778159,1.2064401535676033
-0.8461538461538461,-0.8461538461538461,0.2693462371826172,0.5273943378056437,0.6333177806044752,0.8533467439596263,1.1589996266286784
0.8461538461538461,-0.8461538461538461,0.201751708984375,0.7956832930937306,0.3761180721795471,0.9674734305371018,0.8805868955921152
0.8461538461538461,-0.8461538461538461,0.1756553649902343,0.770303027932316,0.2970164043877447,0.9326533587861622,0.8146171158535794
0.0,0.0,0.6464996337890625,0.9736986733209728,0.8507080947630921,1.7108316111307311,2.3728118876127184
0.0,0.0,0.7474117279052734,1.0927397614279222,0.9593186972395872,1.9649172643379904,2.8681520625805956
-0.8461538461538461,0.8461538461538461,0.6596012115478516,0.527434392005131,0.5294331593264834,1.0404386972603163,2.7070269831835225
-0.8461538461538461,0.8461538461538461,0.7712841033935547,0.5304988847326447,0.6105437608842028,1.0670519568494865,3.1253463231028116
0.8461538461538461,0.8461538461538461,0.853729248046875,0.7469603463175725,0.3077912499346828,2.680537626751197,1.4622530451069609
0.8461538461538461,0.8461538461538461,0.7993249893188477,0.7267793974210631,0.33413225670379043,2.767925625034475,1.3388211817152071
-0.8461538461538461,-0.8461538461538461,0.4813766479492187,0.541981373547439,0.9209302888971458,0.9486680003166748,1.4622716522370756
-0.8461538461538461,-0.8461538461538461,0.4211311340332031,0.4924764348286278,0.865466166037943,0.8463351097165331,1.3892123798622402
0.8461538461538461,-0.8461538461538461,0.44537353515625,1.2394029644925424,0.3908221353731134,1.1307298606225586,0.9422698552870944
0.8461538461538461,-0.8461538461538461,0.4027366638183594,1.1653585436796936,0.3536608520360671,1.0444637243435368,0.8282315530177262
0.0,0.0,0.986515998840332,1.3651650116376683,1.2233277301134236,2.2478372314908355,3.391681451173989
0.0,0.0,1.0255546569824219,1.4311150977923233,1.395126606989098,2.5249110069777485,3.8768352803076507
-0.8461538461538461,0.8461538461538461,0.96966552734375,0.5634237048723854,0.7268743793682909,1.266034518442323,3.938962872707827
-0.8461538461538461,0.8461538461538461,1.0137672424316406,0.5249029451470857,0.7458841012588245,1.2345157130794782,4.2728830252048
0.8461538461538461,0.8461538461538461,1.1783771514892578,0.8611175176869187,0.4430775811589599,3.683449899322608,1.8505064619265557
0.8461538461538461,0.8461538461538461,1.0796880722045898,0.8328508697232972,0.38520988700654246,3.7838615646488085,1.7874589524784257
-0.8461538461538461,-0.8461538461538461,0.748687744140625,0.5405274917535972,1.3868363289882335,0.9899062450646074,1.880985145723832
-0.8461538461538461,-0.8461538461538461,0.6863765716552734,0.527093453408101,1.3064157259542415,0.8473264344635492,1.7783459528703944
0.8461538461538461,-0.8461538461538461,0.7773017883300781,1.822549418116104,0.4905235753960982,1.4082120734225698,1.0706967168036454
0.8461538461538461,-0.8461538461538461,0.7473926544189453,1.8182075801964372,0.4917617107939775,1.4357873691237075,1.0291122573366962
0.0,0.0,1.440021514892578,1.7954363372889703,1.8335431882218496,3.0773702963904936,4.791605654924872
0.0,0.0,1.5107097625732422,2.001507644081313,2.037847728324622,3.3865409322249422,5.366146341993835
-0.8461538461538461,0.8461538461538461,1.5278167724609375,0.674724099199401,1.0330776039589085,1.6877595697481227,6.241523315923226
-0.8461538461538461,0.8461538461538461,1.5468978881835938,0.6108993003390557,1.018050223273388,1.661428004996755,6.303942032902645
0.8461538461538461,0.8461538461538461,1.678816795349121,1.151260746867174,0.5004072665390756,5.717140432120775,2.78790518304951
0.8461538461538461,0.8461538461538461,1.647324562072754,1.1493000580473578,0.4803744798648608,5.901290718086175,2.6148978862423222
-0.8461538461538461,-0.8461538461538461,1.2345542907714844,0.7355683151169866,2.1176367838689236,1.3079842125605967,2.52555522784537
-0.8461538461538461,-0.8461538461538461,1.1820344924926758,0.6581854101980511,2.1098318426376217,1.1266907790968617,2.365134607383721
0.8461538461538461,-0.8461538461538461,1.319467544555664,2.969716614957493,0.7582897379029605,2.0223379362107523,1.5289047675336738
0.8461538461538461,-0.8461538461538461,1.3276634216308594,3.0823088897795405,0.7612634535566073,2.140105376086938,1.4981967895775252
0.0,0.0,1.9556379318237305,2.5514299925844774,2.5908570222304066,4.064082886143708,6.446574247126579
0.0,0.0,1.8883028030395508,2.432088051027606,2.544893852140686,4.128008361191915,6.602310187503628
-0.8461538461538461,0.8461538461538461,2.063619613647461,0.7184059891820449,1.2227776701391155,2.1222930470163903,8.22311274866358
-0.8461538461538461,0.8461538461538461,2.0690269470214844,0.6846329027825546,1.168633836191622,1.9763931143063376,8.268449289818859
0.8461538461538461,0.8461538461538461,2.168672561645508,1.4113860345009863,0.6837696743743795,7.163112047587249,3.592883273792554
0.8461538461538461,0.8461538461538461,2.1565628051757812,1.3935430202252823,0.6520390832146747,7.362767677307573,3.405301139682462
-0.8461538461538461,-0.8461538461538461,1.8327007293701172,0.8407003126001601,2.9634255388845605,1.6207987628598812,3.148774832171493
-0.8461538461538461,-0.8461538461538461,1.6517229080200195,0.7631493218041245,2.8340998955936625,1.3156667123047,2.8560470197719376
0.8461538461538461,-0.8461538461538461,1.8499345779418945,4.136878159950264,1.0917427819191095,2.598642079567696,1.9347005855477346
0.8461538461538461,-0.8461538461538461,1.8426408767700195,4.376274797235983,1.0762272346252804,2.661250165579045,1.8459990350190645
0.0,0.0,2.397930145263672,2.8134120727864316,3.0828655760406436,4.765788805853698,7.59665412261504
0.0,0.0,2.346506118774414,2.7666890299916234,3.123525771335846,4.77479038034309,7.747860042324156
-0.8461538461538461,0.8461538461538461,2.595348358154297,0.842217483433452,1.4924222093253017,2.6895603555302285,10.11545164203306
-0.8461538461538461,0.8461538461538461,2.622255325317383,0.7921353697166588,1.3990157646585897,2.5547731961264937,10.418437675461314
0.8461538461538461,0.8461538461538461,2.654191017150879,1.4812390175133459,0.8483370836177075,8.580928358352853,4.516183056171142
0.8461538461538461,0.8461538461538461,2.6082935333251953,1.5182907382236523,0.7593296454866341,8.688078961337897,4.16665550501631
-0.8461538461538461,-0.8461538461538461,2.427151679992676,1.0011638739363184,3.960761111339012,1.9164855785587558,3.7629913174363656
-0.8461538461538461,-0.8461538461538461,2.185946464538574,0.9271040847598415,3.802329318540265,1.5556336603536185,3.382557613812701
0.8461538461538461,-0.8461538461538461,2.300906181335449,5.18614487825121,1.3933067586800485,2.909201848778526,2.342477020558187
0.8461538461538461,-0.8461538461538461,2.296611785888672,5.373887445937696,1.3425957574130347,2.913473659912003,2.2066853172537684
0.0,0.0,2.9414291381835938,3.180385844988777,3.7748792319695106,5.326841085592341,8.79554189512481
0.0,0.0,2.900876998901367,3.1937291439453723,3.7313143974123135,5.469605933633029,9.138417337092523
-0.8461538461538461,0.8461538461538461,3.284003257751465,0.9353340210220229,1.7036733930854866,3.227976812028354,12.459553143920829
-0.8461538461538461,0.8461538461538461,3.283567428588867,0.9338465316694335,1.6455593619911477,3.0990668988808894,12.553309085287374
0.8461538461538461,0.8461538461538461,3.230152130126953,1.7237947268820903,0.9769344818148311,10.04106682307986,5.4983749360191485
0.8461538461538461,0.8461538461538461,3.18743896484375,1.6963915998577956,0.8963422413748199,10.2402367216527,5.183327606235442
-0.8461538461538461,-0.8461538461538461,3.012990951538086,1.2539067649770037,4.923344004422164,2.265324046270594,4.305363633840854
-0.8461538461538461,-0.8461538461538461,2.777401924133301,1.2083776288739791,4.746250130662487,1.8901668000911447,3.9205008369640657
0.8461538461538461,-0.8461538461538461,2.8724546432495117,6.258466092776705,1.7628164342946384,3.278340003866484,2.756141768798235
0.8461538461538461,-0.8461538461538461,2.847373962402344,6.389684087270724,1.673527026602779,3.227114228128056,2.6409296477616593
0.0,0.0,3.5719947814941406,3.95914481342877,4.4616171700577345,5.938190775541383,10.234783938172065
0.0,0.0,3.4447288513183594,3.8249169527852693,4.329343240229888,6.076196573302445,10.716084629850037
-0.8461538461538461,0.8461538461538461,3.747441291809082,1.078549681639383,1.980212625333507,3.713200385664612,14.24158701560039
-0.8461538461538461,0.8461538461538461,3.866046905517578,1.0758898905855883,1.8798756848240874,3.6181856210651286,14.629402998064506
0.8461538461538461,0.8461538461538461,3.8523406982421875,1.9404684435267543,1.1718676633913705,11.4489647478098,6.565594960018431
0.8461538461538461,0.8461538461538461,3.824000358581543,1.8858384091636982,1.1039062710691687,11.767953695116802,6.190463720122419
-0.8461538461538461,-0.8461538461538461,3.7434158325195312,1.5695318370762605,6.141356705410915,2.5368690018032263,4.910076996511416
-0.8461538461538461,-0.8461538461538461,3.5040969848632812,1.5435791830108907,6.071701445740141,2.2046216124700626,4.653934962154776
0.8461538461538461,-0.8461538461538461,3.4579896926879883,6.89129256925448,2.24378363350369,3.616455792313525,3.328206908592807
0.8461538461538461,-0.8461538461538461,3.3393611907958984,7.132286263052497,2.120163988209523,3.629344123562421,3.141678475533633
0.0,0.0,0.26110172271728516,1.0995505015165827,0.8417163310702978,1.6039626164258558,2.0985993750415988
0.0,0.0,0.3744583129882812,1.0709843708825215,0.8610125596777519,1.7270693264107442,2.361240000991609
-0.6923076923076923,-0.6923076923076923,0.3451766967773437,0.6712756319802947,0.8119176112626374,0.9875039473214916,1.4786611630973618
-0.6923076923076923,-0.6923076923076923,0.1969413757324218,0.5997704930103503,0.6199960403573349,0.8945586477103352,1.3272422754267108
0.6923076923076923,-0.6923076923076923,0.1436977386474609,0.7451306484650181,0.3922642789710141,0.9875075665344376,1.0236312140531656
0.6923076923076923,-0.6923076923076923,0.128326416015625,0.6895548926228603,0.3579752858402547,0.8482525436500677,0.9503943473078714
0.0,0.0,0.5806026458740234,0.944924249759013,0.828344272354847,1.6882871789071312,2.292606183590622
0.0,0.0,0.6771755218505859,1.0770228969247913,0.9720549186819742,1.9335622921471405,2.820969879801118
-0.6923076923076923,0.6923076923076923,0.19624996185302734,0.5534397798637848,0.41839754626680214,0.9602504977691002,1.5901567840048063
-0.6923076923076923,0.6923076923076923,0.2924251556396484,0.5336753130913381,0.4697309390664507,0.9836827375630866,1.9170339193046189
0.6923076923076923,0.6923076923076923,0.173619270324707,0.5728088183370226,0.28843920591894634,1.1111474655869849,1.0510390908833265
0.6923076923076923,0.6923076923076923,0.1662359237670898,0.5676650501721701,0.2941719776472185,1.1280537334423584,0.9999775719816841
-0.6923076923076923,-0.6923076923076923,0.5903253555297852,0.6874653511843791,1.2559993139979604,0.9871289674448718,1.9085379072365893
-0.6923076923076923,-0.6923076923076923,0.3969192504882812,0.6313228043911691,0.9400510694683328,0.8609493704790222,1.5052594186155404
0.6923076923076923,-0.6923076923076923,0.363718032836914,1.1833657328368383,0.4778076674034599,1.2525662193176763,1.0988160871890074
0.6923076923076923,-0.6923076923076923,0.32285594940185547,1.0897336296268811,0.4473835482756394,1.1228174268696858,1.051191070660425
0.0,0.0,0.9554767608642578,1.3363788873934044,1.2639212608677464,2.2445619944426256,3.476269409913367
0.0,0.0,1.003862380981445,1.4249059938965662,1.4002615436426222,2.3949640596916315,3.8777391912206
-0.6923076923076923,0.6923076923076923,0.5669851303100586,0.6024655168792103,0.608074728267409,1.1275681293081137,2.847549909114618
-0.6923076923076923,0.6923076923076923,0.7832527160644531,0.6257961686717597,0.739177311044587,1.3060171546236974,3.8905919680232364
0.6923076923076923,0.6923076923076923,0.5453853607177734,0.7705086375355825,0.4358593176759503,2.340791377225626,1.7180620478286301
0.6923076923076923,0.6923076923076923,0.4908561706542969,0.7629401921837377,0.4014750051069512,2.205589085111158,1.5152976744179811
-0.6923076923076923,-0.6923076923076923,0.913874626159668,0.7984083386450367,1.8565261913533062,1.1537751648412566,2.510387158353579
-0.6923076923076923,-0.6923076923076923,0.7182788848876953,0.7424071236236144,1.5725135397037726,1.0643201418289023,2.159627129272852
0.6923076923076923,-0.6923076923076923,0.6875762939453125,1.7816558078585076,0.6871198009154911,1.5824364178256187,1.439221143212135
0.6923076923076923,-0.6923076923076923,0.6085796356201172,1.6551500880025407,0.6288863657994218,1.4528395222024224,1.334860039206118
0.0,0.0,1.4673709869384766,1.9405814376781836,1.9497106703070832,3.2490697317516206,5.036359895120051
0.0,0.0,1.518415451049805,2.0516106588351746,2.1257644679794208,3.488103173571197,5.470947351596255
-0.6923076923076923,0.6923076923076923,1.4600811004638672,0.9032185424699178,1.2477822824020597,2.0580458072134857,6.69197122518847
-0.6923076923076923,0.6923076923076923,1.5514755249023438,0.8374740883694566,1.2548595937215503,2.069659594990884,7.303733525749352
0.6923076923076923,0.6923076923076923,1.152573585510254,1.159438613411723,0.6451345747741204,4.3474455201348245,2.8924904324407126
0.6923076923076923,0.6923076923076923,1.1122503280639648,1.1932269671311497,0.6132870456240683,4.473272128005653,2.841924551979468
-0.6923076923076923,-0.6923076923076923,1.4839000701904297,1.1157279897737389,2.899176476758126,1.6089972336029272,3.4983554488202047
-0.6923076923076923,-0.6923076923076923,1.2495250701904297,0.9984622574028784,2.5999715224049225,1.4294806736344323,3.121448102078025
0.6923076923076923,-0.6923076923076923,1.1575241088867188,2.7274232763282464,1.0782813920014926,2.2479388059579692,2.0627539395156136
0.6923076923076923,-0.6923076923076923,1.1427345275878906,2.8064210043599815,1.0526219709302729,2.2312095343055347,1.9789984493600197
0.0,0.0,1.935628890991211,2.54749579958442,2.6249796996359684,4.167838877263725,6.559065420459564
0.0,0.0,1.8793964385986328,2.5197538769420587,2.6557335446259738,4.051829727045242,6.698054227618673
-0.6923076923076923,0.6923076923076923,2.0620155334472656,1.0829980716471277,1.5811329144039492,2.668003545298052,9.129448567694457
-0.6923076923076923,0.6923076923076923,2.145376205444336,0.9798973080797132,1.5400268739220069,2.748654090582529,9.845800408790735
0.6923076923076923,0.6923076923076923,1.815399169921875,1.565561761417604,0.9130720712667008,6.563427705647946,4.323787530974857
0.6923076923076923,0.6923076923076923,1.8180809020996096,1.540718505743868,0.863441634990549,6.776471825404568,4.1831979090420175
-0.6923076923076923,-0.6923076923076923,2.1521005630493164,1.4099120275291912,4.060764179419465,2.2406105719742886,4.399813909762456
-0.6923076923076923,-0.6923076923076923,1.795914649963379,1.234340289423838,3.714494351838937,1.8600093297878255,3.8959809746577854
0.6923076923076923,-0.6923076923076923,1.631967544555664,3.7793238163456206,1.4398380421733692,2.8906238911494833,2.518790806232684
0.6923076923076923,-0.6923076923076923,1.6263675689697266,4.068373246598778,1.413795333463245,2.98917541786367,2.4847364471979536
0.0,0.0,2.4393997192382812,2.809377406071024,3.278038215448923,4.8760669105220575,7.790887966997191
0.0,0.0,2.376426696777344,2.7689224791572236,3.2083132778131955,4.768685065905796,7.968415572415006
-0.6923076923076923,0.6923076923076923,2.704519271850586,1.1612317533488763,1.882844438785168,3.495350788473581,11.746611762770495
-0.6923076923076923,0.6923076923076923,2.67696762084961,1.1898018830598738,1.882079440012128,3.39075810380153,12.066263354906564
0.6923076923076923,0.6923076923076923,2.6306381225585938,1.9389098633762842,1.168082636234614,8.829395612512075,6.017965400834806
0.6923076923076923,0.6923076923076923,2.5616607666015625,1.9689649507876783,1.159974393397832,9.069173641828414,5.787967476989184
-0.6923076923076923,-0.6923076923076923,2.8678102493286133,1.8180466923123904,5.353684503863154,2.7092675873652237,5.15038631816077
-0.6923076923076923,-0.6923076923076923,2.6978979110717773,1.6722505250901387,5.2399260378335475,2.431651054049935,4.914132401667114
0.6923076923076923,-0.6923076923076923,2.232389450073242,4.986152471403802,1.9454063129331307,3.3674999105414107,3.2612761041152543
0.6923076923076923,-0.6923076923076923,2.2150697708129883,5.237876727039474,1.8972374470707662,3.4624071879523646,3.1249986379233823
0.0,0.0,2.9406661987304688,3.19469375973714,3.840787032380693,5.471963437964269,9.03870044147028
0.0,0.0,2.8920164108276367,3.1969155736866477,3.838848984233942,5.495803384027145,9.352695882001976
-0.6923076923076923,0.6923076923076923,3.2670745849609375,1.3735279419366444,2.204035441904248,4.165351452853494,14.066558866124728
-0.6923076923076923,0.6923076923076923,3.2061100006103516,1.3632684726425277,2.1393611806428536,3.9905798208376577,14.343190159737745
0.6923076923076923,0.6923076923076923,3.32974624633789,2.192753297832847,1.4764843226744628,10.60308587962476,7.595840458136075
0.6923076923076923,0.6923076923076923,3.289729118347168,2.198808845630997,1.407244493708903,10.949760211153531,7.436997561891119
-0.6923076923076923,-0.6923076923076923,3.4764976501464844,2.1964336830219553,6.538167501566721,3.2112964037888037,5.952553253576735
-0.6923076923076923,-0.6923076923076923,3.386232376098633,2.2440064713972436,6.790915931145378,2.9399528844854315,5.879174157515559
0.6923076923076923,-0.6923076923076923,2.856043815612793,5.822645756676065,2.5951975449690265,3.930618386296703,4.018726812971749
0.6923076923076923,-0.6923076923076923,2.771099090576172,6.107078249576691,2.4938661107309525,3.902602642353234,3.898916857945201
0.0,0.0,3.436131477355957,3.796589554352729,4.501395449724444,5.944579273416251,10.276106795524669
0.0,0.0,3.3893136978149414,3.814463949362046,4.446968244926746,6.128882172416019,10.777574094289559
-0.6923076923076923,0.6923076923076923,3.7901906967163086,1.4713615634432164,2.536910362290168,4.725778749463394,16.154117331943667
-0.6923076923076923,0.6923076923076923,3.732686042785645,1.5491121382525437,2.4321323608338306,4.629491632341613,16.15906332586229
0.6923076923076923,0.6923076923076923,3.938657760620117,2.502378848880741,1.8193585631916984,12.442929035701306,9.1537552322858
0.6923076923076923,0.6923076923076923,3.882326126098633,2.570504701618888,1.7572848324671149,12.866695180389977,9.001989520062377
-0.6923076923076923,-0.6923076923076923,4.037101745605469,2.5791417342878753,7.71456088417495,3.649161402409404,6.77416375840411
-0.6923076923076923,-0.6923076923076923,3.984095573425293,2.6466580554177517,8.013526593385397,3.3583336760872298,6.563583571770597
0.6923076923076923,-0.6923076923076923,3.5270748138427734,7.274793151685744,3.27791671382799,4.417509114793014,4.864489101426885
0.6923076923076923,-0.6923076923076923,3.36814022064209,7.470620997683978,3.1124361149258695,4.308645441573239,4.647794886975747
0.0,0.0,0.2175331115722656,1.0736558967196586,0.9897289837156162,1.8143983886338892,2.4800353624104554
0.0,0.0,0.3527507781982422,1.0524265978938634,1.051824451659732,1.9031382228413385,2.763403720672388
0.5384615384615385,0.5384615384615385,0.1199226379394531,0.6051278860251897,0.5329854294528524,1.1960129679638665,1.4819609544491457
-0.5384615384615385,-0.5384615384615385,0.6024112701416016,0.8441430789355402,1.507391823797969,1.41058665462243,2.6416289400212265
-0.5384615384615385,-0.5384615384615385,0.3547210693359375,0.7385671029027404,1.0956177906895332,1.2677492590461106,2.03102017152814
0.5384615384615385,-0.5384615384615385,0.1590747833251953,0.72112345133035,0.5283547340250967,1.123108061728073,1.430876737338714
0.5384615384615385,-0.5384615384615385,0.1418066024780273,0.6839491702405249,0.4586922155844184,1.0225773995456198,1.3346415863243069
0.0,0.0,0.6124658584594727,1.0787984135534876,1.026117594350605,1.9305078620781995,2.8130296967064443
0.0,0.0,0.680882453918457,1.09789439381476,1.0820740544468082,1.9867375439689368,3.0602996057833782
-0.5384615384615385,0.5384615384615385,0.12355422973632806,0.5692437107752444,0.5046670870499621,1.0415487654297344,1.551071735183494
-0.5384615384615385,0.5384615384615385,0.1907844543457031,0.5297824680516294,0.4910888550352247,0.9897207761643394,1.610511823438416
0.5384615384615385,0.5384615384615385,0.2892274856567383,0.6176060304189439,0.4541370089922951,1.5026776228631389,1.485031827015825
0.5384615384615385,0.5384615384615385,0.26537513732910156,0.5916323213701227,0.38740611581841405,1.4093818493717047,1.425083999652689
-0.5384615384615385,-0.5384615384615385,1.058797836303711,1.01185994471536,2.2966691737205163,1.595348665837622,3.4494449697004113
-0.5384615384615385,-0.5384615384615385,0.8350076675415039,0.9053736976908853,1.9898616746695008,1.421022389644782,2.9948215927192052
0.5384615384615385,-0.5384615384615385,0.4508514404296875,1.1555015328937885,0.6868121273593321,1.4209001327534165,1.6056050844860106
0.5384615384615385,-0.5384615384615385,0.3682422637939453,1.0549608645604962,0.6093423885199236,1.4073174784162752,1.4494875723541598
0.0,0.0,0.949798583984375,1.3241852308620237,1.3560056031294547,2.3999572838868843,3.652631922387918
0.0,0.0,0.9717292785644532,1.4447808197117835,1.4467452574739197,2.65465927936659,4.022366749238914
-0.5384615384615385,0.5384615384615385,0.44072914123535156,0.658837395455999,0.6928881505975368,1.278185468070181,2.696432609837702
-0.5384615384615385,0.5384615384615385,0.5130090713500977,0.6322862624445738,0.7249994847506689,1.2749501380632258,2.9416522345832776
0.5384615384615385,0.5384615384615385,0.5911645889282227,0.8457184235318451,0.527797567873932,2.4426307415019775,2.098354909301015
0.5384615384615385,0.5384615384615385,0.5156574249267578,0.7843808008208717,0.5070365991050434,2.270256304177851,1.8664808309474914
-0.5384615384615385,-0.5384615384615385,1.316633224487305,1.1753489184138126,2.7758270111793273,1.680952379493062,3.8674133793009298
-0.5384615384615385,-0.5384615384615385,1.2137327194213867,1.178341371818523,2.757467319301318,1.694496194440894,3.7045405485042124
0.5384615384615385,-0.5384615384615385,0.7757711410522461,1.8523683949736256,1.0524003023754263,1.9655926501456666,2.0671544058381395
0.5384615384615385,-0.5384615384615385,0.6935081481933594,1.7533484247302107,0.8805722782516204,1.9607296332433686,1.8690413084560298
0.0,0.0,1.426748275756836,1.8519340658490036,2.0010919706005312,3.235748746872077,5.175801120132998
0.0,0.0,1.438100814819336,1.954834962397039,2.086194093343119,3.4525073406479665,5.451741738101969
-0.5384615384615385,0.5384615384615385,0.9907140731811523,0.9094696768138758,1.1945484389608225,1.9683105661317486,5.207781769002993
-0.5384615384615385,0.5384615384615385,1.0451374053955078,0.8437499902349368,1.2074178777655704,1.973750920680708,5.672342096324907
0.5384615384615385,0.5384615384615385,1.0435752868652344,1.2313653727554177,0.783452576958735,4.016101084707657,3.264234976849991
0.5384615384615385,0.5384615384615385,1.0034160614013672,1.2314197943213123,0.7524014347851095,3.935285061829664,3.052760695294424
-0.5384615384615385,-0.5384615384615385,1.764547348022461,1.5231841150697678,3.699723687227664,2.243910922093738,4.540905831772979
-0.5384615384615385,-0.5384615384615385,1.727585792541504,1.5523449689090651,3.911192634342183,2.181358727275323,4.581521967267197
0.5384615384615385,-0.5384615384615385,1.3668508529663086,3.099618288190941,1.585493923944857,2.809237629390256,2.9573167120480157
0.5384615384615385,-0.5384615384615385,1.2589693069458008,3.0887956032320547,1.490574920143461,2.773902691367308,2.7462132552131147
0.0,0.0,1.9147987365722656,2.613394530403574,2.774281756371922,4.266998433163461,6.706391927760008
0.0,0.0,1.8350753784179688,2.568771840701749,2.7151379549634047,4.202743912955144,6.78961310640644
-0.5384615384615385,0.5384615384615385,1.545623779296875,1.2288834251359435,1.6514455196656768,2.7701565879084686,7.879462687331443
-0.5384615384615385,0.5384615384615385,1.6324834823608398,1.165990492393779,1.6774400298092251,2.7516292041831716,8.324262646666588
0.5384615384615385,0.5384615384615385,1.568669319152832,1.7543024995310323,1.12872836431002,5.778873788854259,4.745252104900091
0.5384615384615385,0.5384615384615385,1.5017280578613281,1.7034238552038583,1.1027105524378067,5.8759217411712825,4.6319901831122365
-0.5384615384615385,-0.5384615384615385,2.2665576934814453,1.9140267980789971,4.574663010068387,2.668780241788646,5.319566449634433
-0.5384615384615385,-0.5384615384615385,2.290724754333496,1.963212799278843,4.873981841902404,2.6474013036591693,5.4426696296934605
0.5384615384615385,-0.5384615384615385,2.1577234268188477,4.529242405808894,2.492898116847007,3.77733656908809,4.017628661787927
0.5384615384615385,-0.5384615384615385,2.087076187133789,4.62854480291242,2.4581473500436957,3.8891677205407804,4.0188592240563965
0.0,0.0,2.3474645614624023,2.9973130600690547,3.3202239447264095,4.905541221172193,7.932374456349338
0.0,0.0,2.365015983581543,2.9641972180618814,3.335044194527568,4.908435070510811,8.127527126758496
-0.5384615384615385,0.5384615384615385,2.189001083374023,1.5332701494076897,2.136594326811207,3.7518503331176767,10.53527759044614
-0.5384615384615385,0.5384615384615385,2.258143424987793,1.4665572307965098,2.118801667966362,3.7121228654551395,11.04769346385973
0.5384615384615385,0.5384615384615385,2.165618896484375,2.117968464156841,1.4902879110154903,7.410454667963753,6.432296568117385
0.5384615384615385,0.5384615384615385,2.0709075927734375,2.093246699729405,1.433990557994496,7.497106454339839,6.26032750781762
-0.5384615384615385,-0.5384615384615385,2.8768978118896484,2.325715604377669,5.541063877739354,3.186360685089093,6.1852956891585205
-0.5384615384615385,-0.5384615384615385,2.6945629119873047,2.329851986515855,5.641511482288719,3.0734319886837684,6.088026067287584
0.5384615384615385,-0.5384615384615385,2.7257728576660156,5.45046346601631,3.1751750469539424,4.3011088077046615,4.979737382230893
0.5384615384615385,-0.5384615384615385,2.6904258728027344,5.6941860383376195,3.100565592436657,4.282984335075438,4.912817060779886
0.0,0.0,2.832683563232422,3.3787217110615853,3.8504946187726223,5.30935875223935,9.00916257094054
0.0,0.0,2.836210250854492,3.3536716915166234,3.85317950226741,5.494220092345419,9.470832767367543
-0.5384615384615385,0.5384615384615385,2.825685501098633,1.5846752339484078,2.5443128912165487,4.580000611100549,13.233904539577734
-0.5384615384615385,0.5384615384615385,2.9297866821289062,1.7469002140840886,2.536358445776039,4.606874202984884,13.843802187169342
0.5384615384615385,0.5384615384615385,2.7558765411376953,2.4670239929178592,1.8531940191339948,8.947444486653836,8.243012376830928
0.5384615384615385,0.5384615384615385,2.722200393676758,2.558333122123083,1.8370278000829112,9.372757322971378,8.202203978336746
-0.5384615384615385,-0.5384615384615385,3.39156436920166,2.8183964460047717,6.727941263822707,3.747845541758532,7.223470743444889
-0.5384615384615385,-0.5384615384615385,3.3116455078125,2.8810961929114196,6.929011020728026,3.6126109318792663,7.053246658938769
0.5384615384615385,-0.5384615384615385,3.2746124267578125,6.685072439106186,3.830435887309996,4.721136523508386,5.876974427261737
0.5384615384615385,-0.5384615384615385,3.2199296951293945,6.953386102966912,3.790867777733601,4.7545785139893795,5.902557766642795
0.0,0.0,3.3317394256591797,4.061409009338611,4.632706225775016,5.927150252428625,10.371843092723635
0.0,0.0,3.3243141174316406,3.998432394829624,4.538128961078216,6.033756057260256,10.849594370091385
-0.5384615384615385,0.5384615384615385,3.5807113647460938,2.0467904619186856,3.0737506363087577,5.465633409911476,15.988199183343651
-0.5384615384615385,0.5384615384615385,3.803067207336426,2.072929663217513,3.071720531457201,5.709315408857762,17.176418716915
0.5384615384615385,0.5384615384615385,3.3918333053588867,2.9177676755498485,2.298253812806102,10.802417250867299,10.278333879787281
0.5384615384615385,0.5384615384615385,3.388260841369629,2.9396178119633234,2.262888023373568,11.004739085757862,10.024873948228347
-0.5384615384615385,-0.5384615384615385,3.979166030883789,3.3442711631351996,7.968201923587713,4.220252910239605,8.324338039491785
-0.5384615384615385,-0.5384615384615385,3.8671064376831055,3.3538103631362537,8.224343538001712,3.962239226805411,8.104550775576442
0.5384615384615385,-0.5384615384615385,3.7804183959960938,7.782625902455213,4.5092230554378325,5.0669424527162175,6.7009197329077965
0.5384615384615385,-0.5384615384615385,3.7786521911621094,8.24302453988704,4.495369523926343,5.076801525763905,6.666039909271767
0.0,0.0,0.2260990142822265,1.1598621733891372,1.1458325109814431,1.8606401832320785,2.881732626958632
0.0,0.0,0.3129806518554687,1.0881438443076263,1.1157061249370934,1.9033032935140712,2.9294861185969876
-0.38461538461538464,-0.38461538461538464,0.6455001831054688,1.0259055017469794,1.6158334175376565,1.5706656767217149,3.0924626276072025
-0.38461538461538464,-0.38461538461538464,0.4498786926269531,0.842344438364704,1.3137840118356383,1.4073344542671915,2.635846926523319
0.38461538461538464,-0.38461538461538464,0.2975883483886719,0.9198282525065103,0.8086411304895338,1.4677834913904957,1.943541553559757
0.38461538461538464,-0.38461538461538464,0.2527847290039062,0.8897622115244889,0.7099209080208352,1.3666895770925822,1.8072771971254964
0.0,0.0,0.5988636016845703,1.0197919128189095,1.0485479509335316,1.9267365176857334,2.9700221480818705
0.0,0.0,0.6608772277832031,1.1092202082938434,1.1672790780467404,2.0913714628345463,3.222745431465735
-0.38461538461538464,0.38461538461538464,0.2720069885253906,0.6884543034759377,0.6875702500443176,1.2512253604115668,2.3718139469639112
-0.38461538461538464,0.38461538461538464,0.4042510986328125,0.652093635979109,0.7304293733656466,1.3791591606220546,2.7556948677133075
0.38461538461538464,0.38461538461538464,0.43482112884521484,0.8363197937798704,0.6729023758308598,1.9667507571924348,2.1787602502763823
0.38461538461538464,0.38461538461538464,0.3727321624755859,0.7630294177029323,0.6188601528879895,1.8494447455245429,2.078773351449666
-0.38461538461538464,-0.38461538461538464,1.013361930847168,1.1219057021118133,2.176435580987868,1.7986753278068925,3.8705737011613497
-0.38461538461538464,-0.38461538461538464,0.8196315765380859,1.0023062913847005,1.9508292879169669,1.6331320079943903,3.496349826611933
0.38461538461538464,-0.38461538461538464,0.6602420806884766,1.4759424065557383,1.0513224465349698,1.959723324143494,2.354800343803252
0.38461538461538464,-0.38461538461538464,0.6331367492675781,1.469551528187109,0.9760525745167636,1.8502903293566304,2.240434095833416
0.0,0.0,0.9031620025634766,1.335134150367859,1.389414998076993,2.429664627066508,3.797154141762265
0.0,0.0,0.962261199951172,1.4071943989139488,1.5109046392757228,2.569458204042446,4.136859447730646
-0.38461538461538464,0.38461538461538464,0.5994863510131836,0.7673488646579526,0.8993500269321939,1.6176994107835796,3.471671221945125
-0.38461538461538464,0.38461538461538464,0.7219476699829102,0.7655251666124174,1.0352089162860365,1.775928463525592,4.012200939142257
0.38461538461538464,0.38461538461538464,0.7343769073486328,1.0435339743052614,0.8012096904938525,2.721704139195458,2.8690945646212276
0.38461538461538464,0.38461538461538464,0.7439670562744141,1.0468871397606612,0.7946221032241512,2.7559856384653503,2.937764594712691
-0.38461538461538464,-0.38461538461538464,1.272451400756836,1.3121016125338574,2.60247105650152,2.005337670653674,4.329773028038622
-0.38461538461538464,-0.38461538461538464,1.0497703552246094,1.1534089559637621,2.389857100275323,1.80514703383498,3.8072264118295864
0.38461538461538464,-0.38461538461538464,1.0161142349243164,2.0407058085126266,1.3949407215354381,2.488829808600519,2.868847040213298
0.38461538461538464,-0.38461538461538464,1.037912368774414,2.176127356201843,1.4052371363696277,2.5438149365814415,2.8884283242997686
0.0,0.0,1.348677635192871,1.8190047640056526,2.031061166851961,3.2282119570328183,5.181927025661914
0.0,0.0,1.367919921875,1.8956375973411599,2.100587948576132,3.4116818057333465,5.551003133836239
-0.38461538461538464,0.38461538461538464,1.0646295547485352,1.0745510090525938,1.4318639915676772,2.405515010583338,5.804720729487784
-0.38461538461538464,0.38461538461538464,1.1199398040771484,1.0622765257040934,1.4657918830658807,2.483821908235197,6.190880767005419
0.38461538461538464,0.38461538461538464,1.2026968002319336,1.5487190714334915,1.1424583173153393,4.346657106650696,4.402126200153013
0.38461538461538464,0.38461538461538464,1.1911735534667969,1.5552529056789903,1.1374808709877886,4.337512046332841,4.3943158100724595
-0.38461538461538464,-0.38461538461538464,1.8284797668457031,1.7873115640982082,3.620224867370295,2.614579133127036,5.419417082476721
-0.38461538461538464,-0.38461538461538464,1.5338268280029297,1.6779642089889066,3.408626300796914,2.428178716809904,5.0237342163448
0.38461538461538464,-0.38461538461538464,1.4982118606567383,3.178219145391167,2.11288927699595,3.4453589697445812,3.9708709874689836
0.38461538461538464,-0.38461538461538464,1.505110740661621,3.292258579013498,2.0904262842913344,3.519310435176518,3.907218201208914
0.0,0.0,1.8029937744140625,2.420327043692995,2.6521594712455485,4.083527887095339,6.649835836160832
0.0,0.0,1.8332767486572263,2.4996281038318844,2.71194467712596,4.228773906609691,7.001272078594978
-0.38461538461538464,0.38461538461538464,1.5345783233642578,1.417004814391008,1.9036206069467556,3.221527902814636,7.860985095536255
-0.38461538461538464,0.38461538461538464,1.553593635559082,1.403479144398061,1.9230492012235167,3.2276914265794483,8.155629697247136
0.38461538461538464,0.38461538461538464,1.6473007202148438,2.0089992754069814,1.4750681812554722,5.645159153687365,5.903236903889598
0.38461538461538464,0.38461538461538464,1.647017478942871,2.010900696232624,1.4639807941768912,5.7840890942132654,5.858197175475084
-0.38461538461538464,-0.38461538461538464,2.344148635864258,2.3616317512102967,4.50289167021846,3.2282567044212493,6.399721110782284
-0.38461538461538464,-0.38461538461538464,2.091981887817383,2.218938797930136,4.407758011833394,2.9995405901123333,5.935231897699528
0.38461538461538464,-0.38461538461538464,2.0018959045410156,3.981882339773598,2.68559612420267,4.006135563372399,4.890743770810314
0.38461538461538464,-0.38461538461538464,1.9915895462036133,4.052736536141232,2.7594034872174156,4.079587381165176,4.913120195131265
0.0,0.0,2.318850517272949,3.0402344431802595,3.313476906573852,4.871425920707074,8.063711275384325
0.0,0.0,2.278615951538086,2.9556805347760258,3.253729432460202,4.8234756058439245,8.108048588139296
-0.38461538461538464,0.38461538461538464,2.0031824111938477,1.6983242948736823,2.358221355266515,3.932708435501431,9.798561391176019
-0.38461538461538464,0.38461538461538464,2.0551300048828125,1.6738048712304363,2.343727395683606,4.0492527958447,10.089015247755441
0.38461538461538464,0.38461538461538464,2.127200126647949,2.399256582448171,1.8595680881791945,6.728632061754666,7.359660210905346
0.38461538461538464,0.38461538461538464,2.121301651000977,2.402969387640336,1.8287836047327564,6.7695745668606815,7.197433402778214
-0.38461538461538464,-0.38461538461538464,2.896188735961914,2.8617747057532217,5.434759157013848,3.669216051537955,7.428509379718847
-0.38461538461538464,-0.38461538461538464,2.7035179138183594,2.768769866480606,5.399580496966641,3.51935211437837,7.093704937410394
0.38461538461538464,-0.38461538461538464,2.540699005126953,4.7246000675853255,3.404559155062743,4.56403069708278,5.903452878376487
0.38461538461538464,-0.38461538461538464,2.4852294921875,4.836017814477107,3.397630192330962,4.462950631028665,5.7767149525112576
0.0,0.0,2.782604217529297,3.4349938252307233,3.8810708059311176,5.338644887266939,9.232656429543752
0.0,0.0,2.690260887145996,3.281140456397446,3.7750364819485345,5.315542349476571,9.306517934544749
-0.38461538461538464,0.38461538461538464,2.5964250564575195,1.95251999330933,2.8155109992267118,4.782271436134369,11.984536732660072
-0.38461538461538464,0.38461538461538464,2.643667221069336,2.018177790245127,2.776374792308685,4.919890489958908,12.510013227490402
0.38461538461538464,0.38461538461538464,2.6203880310058594,2.8023445156939593,2.23218489898714,7.751805901261428,9.019802846975358
0.38461538461538464,0.38461538461538464,2.5456504821777344,2.7253910308559717,2.1672053219332503,7.755036487596621,8.74326169330809
-0.38461538461538464,-0.38461538461538464,3.599973678588867,3.281217659037449,6.524265101036965,4.341328996986206,8.757778887211941
-0.38461538461538464,-0.38461538461538464,3.3287525177001953,3.3198496951527754,6.588179240311562,4.177707401554871,8.243207108455223
0.38461538461538464,-0.38461538461538464,3.1207714080810547,5.661008456959455,4.088220774879153,4.907314978382156,6.829060186468743
0.38461538461538464,-0.38461538461538464,3.065929412841797,5.960602856372833,4.083578338013608,5.008206663062426,6.827118213536022
0.0,0.0,3.244569778442383,3.833690455743615,4.4590472176905696,5.804621792964018,10.187130333149726
0.0,0.0,3.2958059310913086,3.8259464882484724,4.454575970550261,6.001710881708231,10.855219401664826
-0.38461538461538464,0.38461538461538464,3.1818981170654297,2.3141197866558207,3.32168319757681,5.608549882896279,14.370675952163683
-0.38461538461538464,0.38461538461538464,3.223203659057617,2.3684421171414938,3.3114342546086624,5.750457039229449,15.035976727954877
0.38461538461538464,0.38461538461538464,3.1965160369873047,3.0396921160840096,2.622850628580227,9.065582644208275,10.532801131328393
0.38461538461538464,0.38461538461538464,3.1695079803466797,3.1100648622273845,2.56909370074415,9.26332465770935,10.629735244665998
-0.38461538461538464,-0.38461538461538464,4.21059513092041,3.7330470912345537,7.759787384703773,4.836408268771601,10.022553223102644
-0.38461538461538464,-0.38461538461538464,4.052604675292969,3.843299002409166,7.944332146563518,4.651307490141312,9.625800861256746
0.38461538461538464,-0.38461538461538464,3.7493724822998047,6.8022293323259015,4.786216177399794,5.329462142174114,7.594175081183878
0.38461538461538464,-0.38461538461538464,3.7269134521484375,7.123798177530922,4.821705896975231,5.3860091575917295,7.5542187618647185
