input,output,true_input,true_output
-0.2,-0.6001218047093794,-0.5,-0.49999999999999994
-0.1991983967935872,-0.551790967294574,-0.497997997997998,-0.49674053427174514
-0.19839679358717435,-0.6057455256316959,-0.495995995995996,-0.49348365554013546
-0.19759519038076154,-0.6022795269945004,-0.493993993993994,-0.4902319488811289
-0.19679358717434872,-0.6004791740252734,-0.491991991991992,-0.48698799553056826
-0.19599198396793588,-0.6060179812620605,-0.48998998998999,-0.48375437096727536
-0.19519038076152306,-0.5978704623876656,-0.487987987987988,-0.48053364299992113
-0.19438877755511022,-0.6008661538788386,-0.48598598598598597,-0.4773283698589305
-0.1935871743486974,-0.6053805027961299,-0.483983983983984,-0.47414109829467344
-0.1927855711422846,-0.5969126890274112,-0.481981981981982,-0.47097436168318935
-0.19198396793587175,-0.6058849847821823,-0.47997997997998,-0.46783067814069046
-0.19118236472945893,-0.5917474855665585,-0.477977977977978,-0.4647125486480808
-0.19038076152304612,-0.6061033761987703,-0.47597597597597596,-0.46162245518672257
-0.18957915831663327,-0.6053458045271107,-0.47397397397397395,-0.45856285888667353
-0.18877755511022046,-0.605084487118315,-0.471971971971972,-0.4555361981886146
-0.18797595190380761,-0.6060932598452599,-0.46996996996997,-0.4525448870206711
-0.1871743486973948,-0.604463687682989,-0.46796796796796797,-0.4495913129913298
-0.18637274549098198,-0.5932850501143352,-0.46596596596596596,-0.44667783559963686
-0.18557114228456914,-0.6038993495341818,-0.46396396396396394,-0.44380678446385485
-0.18476953907815633,-0.6051557584553957,-0.46196196196196193,-0.4409804575697437
-0.1839679358717435,-0.6017879718439368,-0.45995995995996,-0.43820111953961793
-0.18316633266533067,-0.6047555780464177,-0.45795795795795796,-0.4354709999233195
-0.18236472945891785,-0.6061255992217257,-0.45595595595595595,-0.43279229151223153
-0.18156312625250504,-0.6061213320139364,-0.45395395395395394,-0.4301671486774434
-0.1807615230460922,-0.5914154843494481,-0.4519519519519519,-0.42759768573316204
-0.17995991983967938,-0.605519672566685,-0.44994994994994997,-0.4250859753264496
-0.17915831663326653,-0.600928684097497,-0.44794794794794796,-0.4226340468543477
-0.17835671342685372,-0.6052012761079415,-0.44594594594594594,-0.4202438849094347
-0.1775551102204409,-0.5653198720730632,-0.44394394394394393,-0.41791742775484225
-0.17675350701402806,-0.6060120294361775,-0.4419419419419419,-0.41565656582973703
-0.17595190380761525,-0.6044438152188211,-0.43993993993993996,-0.41346314028625875
-0.1751503006012024,-0.6059358962677659,-0.43793793793793795,-0.4113389415588802
-0.1743486973947896,-0.5916565624543084,-0.43593593593593594,-0.40928570796713815
-0.17354709418837677,-0.6052181908027189,-0.4339339339339339,-0.40730512435266053
-0.17274549098196393,-0.6052782295392443,-0.4319319319319319,-0.4053988207513942
-0.1719438877755511,-0.5799233369976703,-0.42992992992992995,-0.40356837110191557
-0.1711422845691383,-0.5951955771385304,-0.42792792792792794,-0.4018152919906812
-0.17034068136272545,-0.5839627703553962,-0.42592592592592593,-0.40014104143505586
-0.16953907815631264,-0.5811807372016362,-0.4239239239239239,-0.39854701770492607
-0.16873747494989982,-0.6006169620350389,-0.4219219219219219,-0.3970345581836886
-0.16793587174348698,-0.5845893553184733,-0.41991991991991995,-0.3956049382693707
-0.16713426853707417,-0.5594547552441049,-0.41791791791791794,-0.3942593703166227
-0.16633266533066132,-0.605515823073491,-0.4159159159159159,-0.39299900262028775
-0.1655310621242485,-0.5711730605350269,-0.4139139139139139,-0.3918249184412338
-0.1647294589178357,-0.6024780291614031,-0.4119119119119119,-0.3907381350751027
-0.16392785571142285,-0.5932700865814188,-0.40990990990990994,-0.3897396029646054
-0.16312625250501003,-0.5988247494881552,-0.4079079079079079,-0.3888302048559623
-0.1623246492985972,-0.5715207191521272,-0.4059059059059059,-0.3880107550000629
-0.16152304609218437,-0.5820470886044808,-0.4039039039039039,-0.3872819983988861
-0.16072144288577156,-0.5886777925524764,-0.4019019019019019,-0.3866446100976969
-0.15991983967935874,-0.594216279295916,-0.39989989989989994,-0.3860991945235061
-0.1591182364729459,-0.6058654512126372,-0.39789789789789787,-0.385646284870246
-0.15831663326653309,-0.5989684678405781,-0.3958958958958959,-0.3852863425310902
-0.15751503006012024,-0.5806012369062257,-0.3938938938938939,-0.3850197565783118
-0.15671342685370743,-0.5842516422703659,-0.3918918918918919,-0.38484684329104735
-0.1559118236472946,-0.585304333306565,-0.3898898898898899,-0.38476784573129785
-0.15511022044088177,-0.5693163425014613,-0.38788788788788786,-0.384782933368474
-0.15430861723446895,-0.5781753036570297,-0.3858858858858859,-0.38489220175275607
-0.1535070140280561,-0.5308618710289611,-0.3838838838838839,-0.3850956722375106
-0.1527054108216433,-0.5908896748421717,-0.3818818818818819,-0.3853932917509747
-0.15190380761523048,-0.5605090731727037,-0.37987987987987987,-0.3857849326173849
-0.15110220440881764,-0.6042545117499833,-0.37787787787787785,-0.38627039242769845
-0.15030060120240482,-0.5776035822698232,-0.3758758758758759,-0.38684939396002227
-0.14949899799599198,-0.5609380064853907,-0.3738738738738739,-0.3875215851498317
-0.14869739478957916,-0.6004164515815029,-0.3718718718718719,-0.38828653911003147
-0.14789579158316635,-0.5877675415264582,-0.36986986986986986,-0.38914375420087777
-0.14709418837675353,-0.5903046954060869,-0.36786786786786785,-0.3900926541497487
-0.1462925851703407,-0.5738104064732894,-0.3658658658658659,-0.3911325882207194
-0.14549098196392787,-0.5960957109687222,-0.3638638638638639,-0.39226283143386387
-0.14468937875751503,-0.5348363585283936,-0.36186186186186187,-0.39348258483417714
-0.14388777555110221,-0.5227203323932045,-0.35985985985985985,-0.39479097580997596
-0.1430861723446894,-0.5997355783713728,-0.35785785785785784,-0.3961870584606067
-0.14228456913827656,-0.6044572024640004,-0.3558558558558559,-0.3976698140132575
-0.14148296593186374,-0.5703097644035786,-0.3538538538538538,-0.39923815128863915
-0.1406813627254509,-0.5397151995993797,-0.35185185185185186,-0.40089090721526727
-0.13987975951903808,-0.5615379950335535,-0.34984984984984985,-0.4026268473920508
-0.13907815631262527,-0.6007959770755092,-0.34784784784784784,-0.4044446666988557
-0.13827655310621245,-0.5369401905608183,-0.3458458458458459,-0.406342989954686
-0.1374749498997996,-0.5226033270595982,-0.3438438438438438,-0.40832037262309023
-0.13667334669338677,-0.5253526650730466,-0.34184184184184185,-0.4103753015643766
-0.13587174348697395,-0.5497843921848067,-0.33983983983983984,-0.412506195834182
-0.13507014028056114,-0.5819559134101183,-0.33783783783783783,-0.4147114075279176
-0.13426853707414832,-0.5926435537431745,-0.33583583583583587,-0.4169892226705806
-0.13346693386773548,-0.5527929193308413,-0.3338338338338338,-0.41933786215139357
-0.13266533066132266,-0.603101542821147,-0.33183183183183185,-0.42175548270270097
-0.13186372745490982,-0.5083348871797605,-0.32982982982982983,-0.4242401779225313
-0.131062124248497,-0.5954202791995917,-0.3278278278278278,-0.42678997934019736
-0.1302605210420842,-0.5310577255628346,-0.32582582582582587,-0.42940285752428
-0.12945891783567137,-0.5906774904933767,-0.3238238238238238,-0.43207672323232565
-0.12865731462925853,-0.562611513684933,-0.32182182182182184,-0.4348094286015364
-0.12785571142284569,-0.5384777087554857,-0.31981981981981983,-0.4375987683797354
-0.12705410821643287,-0.5633298415042954,-0.3178178178178178,-0.44044248119583757
-0.12625250501002006,-0.48990129168497254,-0.3158158158158158,-0.44333825086904577
-0.12545090180360724,-0.491842864485321,-0.3138138138138138,-0.44628370775596515
-0.1246492985971944,-0.48166847940074375,-0.31181181181181183,-0.4492764301347957
-0.12384769539078157,-0.4632691558219211,-0.3098098098098098,-0.45231394562575333
-0.12304609218436875,-0.4447767582111626,-0.3078078078078078,-0.4553937326468303
-0.12224448897795592,-0.5854874327730492,-0.3058058058058058,-0.4585132219039974
-0.1214428857715431,-0.5795945230578176,-0.3038038038038038,-0.46166979791491713
-0.12064128256513028,-0.5622975323755406,-0.30180180180180183,-0.4648608005652211
-0.11983967935871745,-0.5724151163961829,-0.2997997997997998,-0.46808352669638487
-0.11903807615230462,-0.483132973683547,-0.2977977977977978,-0.4713352317242053
-0.11823647294589179,-0.5093667458294676,-0.2957957957957958,-0.47461313128687493
-0.11743486973947898,-0.5755744560965959,-0.2937937937937938,-0.47791440292162335
-0.11663326653306615,-0.5359215588957139,-0.2917917917917918,-0.481236187768877
-0.11583166332665332,-0.5071727180375276,-0.28978978978978975,-0.4845755923028727
-0.11503006012024049,-0.5768948445518859,-0.2877877877877878,-0.48792969008764203
-0.11422845691382767,-0.4709667774349864,-0.2857857857857858,-0.491295523557267
-0.11342685370741484,-0.511306140160858,-0.28378378378378377,-0.4946701058192913
-0.11262525050100201,-0.5111769809728405,-0.2817817817817818,-0.4980504224801572
-0.11182364729458918,-0.5508132146424757,-0.27977977977977975,-0.5014334334915244
-0.11102204408817637,-0.29336673485717085,-0.2777777777777778,-0.5048160750163064
-0.11022044088176354,-0.5590685967986341,-0.2757757757757758,-0.5081952613132621
-0.10941883767535071,-0.42037981090559473,-0.27377377377377377,-0.5115678866389481
-0.10861723446893788,-0.5054372130612598,-0.2717717717717718,-0.5149308271658448
-0.10781563126252507,-0.5554368162666785,-0.26976976976976974,-0.5182809429154439
-0.10701402805611224,-0.42239906418359113,-0.2677677677677678,-0.5216150797050831
-0.10621242484969941,-0.4821321550905432,-0.26576576576576577,-0.5249300711073045
-0.10541082164328658,-0.5727396714315253,-0.26376376376376376,-0.5282227404204962
-0.10460921843687376,-0.3956367209897943,-0.2617617617617618,-0.5314899026495834
-0.10380761523046093,-0.5115703920078194,-0.25975975975975973,-0.5347283664955123
-0.1030060120240481,-0.4429219353337,-0.2577577577577578,-0.537934936352278
-0.10220440881763528,-0.32956523327091597,-0.25575575575575576,-0.5411064143102327
-0.10140280561122246,-0.47485742938611397,-0.25375375375375375,-0.5442396021644093
-0.10060120240480963,-0.41872934300044284,-0.25175175175175174,-0.5473313034265944
-0.0997995991983968,-0.4686828217148232,-0.24974974974974973,-0.5503783253398763
-0.09899799599198397,-0.5045668671438407,-0.24774774774774777,-0.553377480894396
-0.09819639278557116,-0.46714633681310247,-0.24574574574574576,-0.5563255908430261
-0.09739478957915833,-0.42743097323848395,-0.24374374374374375,-0.5592194857157015
-0.0965931863727455,-0.3705778831934534,-0.24174174174174173,-0.5620560078311265
-0.09579158316633268,-0.3420822513492317,-0.23973973973973972,-0.5648320133045865
-0.09498997995991985,-0.503793058342413,-0.23773773773773776,-0.567544374050588
-0.09418837675350702,-0.49239085046964254,-0.23573573573573575,-0.5701899797790623
-0.0933867735470942,-0.4926420787948879,-0.23373373373373374,-0.5727657399838617
-0.09258517034068138,-0.3229892713603305,-0.23173173173173173,-0.5752685859222915
-0.09178356713426855,-0.3434333931427093,-0.22972972972972971,-0.5776954725844178
-0.09098196392785572,-0.38336592268643266,-0.22772772772772776,-0.5800433806509021
-0.09018036072144289,-0.4627580053111834,-0.22572572572572575,-0.5823093184381176
-0.08937875751503008,-0.3760586020158172,-0.22372372372372373,-0.5844903238293123
-0.08857715430861725,-0.4503021860729949,-0.22172172172172172,-0.5865834661905892
-0.08777555110220442,-0.46745077253100803,-0.2197197197197197,-0.5885858482704853
-0.08697394789579159,-0.5342767225199491,-0.2177177177177177,-0.5904946080819409
-0.08617234468937877,-0.4811156446147712,-0.21571571571571574,-0.5923069207654568
-0.08537074148296595,-0.4704284791214404,-0.21371371371371373,-0.5940200004322584
-0.08456913827655312,-0.4232260520227615,-0.21171171171171171,-0.5956311019862843
-0.08376753507014029,-0.4332350238347155,-0.2097097097097097,-0.5971375229238428
-0.08296593186372747,-0.4116247053575955,-0.2077077077077077,-0.5985366051097839
-0.08216432865731464,-0.4503704189746863,-0.20570570570570573,-0.5998257365290536
-0.08136272545090181,-0.3181399503848249,-0.20370370370370372,-0.6010023530125116
-0.08056112224448898,-0.4972162553824703,-0.2017017017017017,-0.6020639399359067
-0.07975951903807617,-0.4989064665931256,-0.1996996996996997,-0.6030080338909248
-0.07895791583166334,-0.3515593079151366,-0.19769769769769768,-0.603832224327238
-0.07815631262525051,-0.40032968989527296,-0.19569569569569567,-0.6045341551645027
-0.07735470941883768,-0.3548757129135975,-0.1936936936936937,-0.6051115263732728
-0.07655310621242487,-0.3961355961128977,-0.1916916916916917,-0.6055620955238135
-0.07575150300601204,-0.3908091851082514,-0.1896896896896897,-0.6058836793018206
-0.0749498997995992,-0.34462269557932695,-0.18768768768768768,-0.6060741549900708
-0.07414829659318639,-0.4285354778592444,-0.18568568568568566,-0.6061314619150492
-0.07334669338677355,-0.5404572192769279,-0.1836836836836837,-0.6060536028576221
-0.07254509018036073,-0.5015381760119071,-0.1816816816816817,-0.6058386454268465
-0.07174348697394792,-0.30209720678053015,-0.17967967967967968,-0.605484723396028
-0.07094188376753507,-0.3578645227610091,-0.17767767767767767,-0.6049900380001642
-0.07014028056112226,-0.2723176843891376,-0.17567567567567566,-0.6043528591939343
-0.06933867735470944,-0.372762094664175,-0.1736736736736737,-0.6035715268694205
-0.0685370741482966,-0.3550862548363201,-0.1716716716716717,-0.6026444520327685
-0.06773547094188379,-0.30705591581579833,-0.16966966966966968,-0.6015701179390257
-0.06693386773547094,-0.20804971144070267,-0.16766766766766766,-0.6003470811844164
-0.06613226452905813,-0.26155999121573703,-0.16566566566566565,-0.5989739727553423
-0.06533066132264531,-0.30156271678461904,-0.1636636636636637,-0.597449499033423
-0.06452905811623247,-0.31890742979129905,-0.16166166166166168,-0.5957724427559187
-0.06372745490981965,-0.25343446362059774,-0.15965965965965967,-0.5939416639309042
-0.06292585170340684,-0.3621188132704326,-0.15765765765765766,-0.5919561007065932
-0.062124248496993995,-0.298763943487313,-0.15565565565565564,-0.5898147701942374
-0.06132264529058118,-0.27343161058036125,-0.15365365365365363,-0.5875167692440588
-0.060521042084168336,-0.21535456060970293,-0.15165165165165168,-0.5850612751736961
-0.05971943887775552,-0.3331216557818218,-0.14964964964964966,-0.582447546448682
-0.058917835671342705,-0.26975681812480495,-0.14764764764764765,-0.579674923314495
-0.05811623246492986,-0.16258061640622778,-0.14564564564564564,-0.5767428283797593
-0.05731462925851705,-0.18332929593071237,-0.14364364364364363,-0.5736507671501969
-0.05651302605210423,-0.18096535619046722,-0.14164164164164167,-0.5703983285129699
-0.05571142284569139,-0.06577103929269004,-0.13963963963963966,-0.5669851851710755
-0.05490981963927857,-0.41598391053237715,-0.13763763763763764,-0.5634110940274957
-0.05410821643286573,-0.12726317042467,-0.13563563563563563,-0.559675896518826
-0.053306613226452915,-0.3339682234158115,-0.13363363363363362,-0.5557795188981471
-0.0525050100200401,-0.29473790471189404,-0.1316316316316316,-0.5517219724669299
-0.051703406813627256,-0.19203718051954402,-0.12962962962962965,-0.547503353755798
-0.05090180360721444,-0.449826477898087,-0.12762762762762764,-0.543123844654003
-0.050100200400801626,-0.21645187458044862,-0.12562562562562563,-0.5385837124875036
-0.04929859719438878,0.026358818840629038,-0.12362362362362361,-0.5338833100455629
-0.04849699398797597,-0.3169400530336519,-0.1216216216216216,-0.5290230755558216
-0.047695390781563124,-0.21183821984111656,-0.11961961961961964,-0.5240035326078287
-0.04689378757515031,-0.27414123436960713,-0.11761761761761763,-0.518825290025045
-0.04609218436873749,-0.2598790196313492,-0.11561561561561562,-0.5134890416853735
-0.04529058116232465,-0.20448679158351615,-0.1136136136136136,-0.5079955662902909
-0.044488977955911835,-0.20617330569689285,-0.1116116116116116,-0.5023457270826988
-0.04368737474949902,-0.35189682876627126,-0.10960960960960964,-0.4965404715136368
-0.042885771543086176,-0.183460760622365,-0.10760760760760762,-0.49058083085803533
-0.04208416833667336,-0.15066615549500223,-0.10560560560560561,-0.48446791977971887
-0.041282565130260546,-0.2868263768706042,-0.1036036036036036,-0.4782029358458982
-0.0404809619238477,0.017918442660497594,-0.10160160160160159,-0.471787158991425
-0.03967935871743489,-0.2736992691202753,-0.09959959959959963,-0.46522195093311414
-0.038877755511022044,-0.23587842581136667,-0.09759759759759762,-0.4585087545344654
-0.03807615230460923,-0.22499284186616839,-0.0955955955955956,-0.451649093121155
-0.03727454909819641,-0.198388827292758,-0.0935935935935936,-0.44464456974769123
-0.03647294589178357,-0.15771029456355684,-0.09159159159159158,-0.4374968664156619
-0.035671342685370755,-0.1016552917354535,-0.08958958958958957,-0.430207743244033
-0.03486973947895794,-0.1331035211383264,-0.08758758758758761,-0.4227790375919852
-0.034068136272545096,-0.15152089626750523,-0.0855855855855856,-0.4152126631348058
-0.03326653306613228,0.10681629958158087,-0.08358358358358359,-0.40751060889338564
-0.03246492985971944,-0.13738431082076247,-0.08158158158158157,-0.3996749382178929
-0.03166332665330662,-0.18313236945473177,-0.07957957957957956,-0.3917077877262325
-0.030861723446893807,-0.07665638223994453,-0.0775775775775776,-0.3836113661979221
-0.030060120240480964,-0.2606696513775838,-0.0755755755755756,-0.37538795342404596
-0.02925851703406815,-0.13392751414313603,-0.07357357357357358,-0.3670398990139776
-0.028456913827655334,0.07076555131131017,-0.07157157157157157,-0.3585696211595829
-0.02765531062124249,-0.08514303812096677,-0.06956956956956956,-0.3499796053576496
-0.026853707414829675,-0.05489513928224387,-0.06756756756756754,-0.34127240309131013
-0.026052104208416832,0.05563445330364482,-0.06556556556556559,-0.33245063047125234
-0.025250501002004017,-0.27445485347604326,-0.06356356356356357,-0.3235169668375365
-0.0244488977955912,-0.1983845789853329,-0.06156156156156156,-0.314474153322866
-0.023647294589178358,-0.13751640211865132,-0.05955955955955955,-0.3053249913781757
-0.022845691382765543,-0.04451360490100269,-0.05755755755755754,-0.29607234126143267
-0.022044088176352727,0.1387096995658276,-0.05555555555555558,-0.28671912049056414
-0.021242484969939884,-0.2288685221170558,-0.05355355355355357,-0.277268302261448
-0.02044088176352707,-0.014663975045152312,-0.051551551551551555,-0.26772291383192937
-0.019639278557114254,-0.007465427156023854,-0.04954954954954954,-0.2580860348728392
-0.01883767535070141,-0.1794883545737596,-0.04754754754754753,-0.2483607957870194
-0.018036072144288595,0.053024601063449604,-0.045545545545545574,-0.23855037599737522
-0.017234468937875752,-0.20620613378119773,-0.04354354354354356,-0.2286580022049941
-0.016432865731462937,-0.18363450941254958,-0.04154154154154155,-0.21868694661839494
-0.01563126252505012,-0.0544084810311833,-0.03953953953953954,-0.2086405251549801
-0.014829659318637278,-0.29706515455032745,-0.037537537537537524,-0.19852209561578865
-0.014028056112224463,-0.19209217992002414,-0.03553553553553557,-0.18833505583466292
-0.013226452905811648,-0.1623833188072495,-0.033533533533533555,-0.17808284180295303
-0.012424849699398804,0.04268708847684632,-0.03153153153153154,-0.16776892577090896
-0.011623246492985989,0.07202847350289332,-0.02952952952952953,-0.1573968143269106
-0.010821643286573146,-0.13792837438286878,-0.027527527527527518,-0.14697004645571324
-0.01002004008016033,-0.09656870460230176,-0.025525525525525505,-0.13649219157689074
-0.009218436873747515,0.09840905342816106,-0.02352352352352355,-0.12596684756467544
-0.008416833667334672,0.0022915793205574506,-0.021521521521521536,-0.11539763875040113
-0.007615230460921857,-0.09653355408062286,-0.019519519519519524,-0.10478821390877413
-0.0068136272545090415,-0.00034020396741540025,-0.01751751751751751,-0.09414224422919656
-0.006012024048096198,0.18897768606544024,-0.015515515515515499,-0.08346342127338574
-0.005210420841683383,-0.029784934219312345,-0.013513513513513542,-0.07275545492053623
-0.00440881763527054,0.11987311730900965,-0.01151151151151153,-0.06202207130127937
-0.0036072144288577246,-0.2522450699069798,-0.009509509509509517,-0.05126701072170719
-0.0028056112224449092,-0.013459779017665806,-0.007507507507507505,-0.040494025578724446
-0.002004008016032066,-0.10717054323489711,-0.0055055055055054924,-0.02970687826800754
-0.0012024048096192508,-0.15289459980417217,-0.00350350350350348,-0.01890933908584798
-0.00040080160320643543,-0.11409436994279404,-0.0015015015015015232,-0.008105184126164063
0.0004008016032064077,0.11667874175172321,0.0005005005005005447,0.002701806826035198
0.001202404809619223,-0.0349669450467865,0.0025025025025025016,0.013507852403438918
0.002004008016032066,0.0003035150004620983,0.0045045045045044585,0.024309171766198154
0.0028056112224448815,0.06276955430982618,0.006506506506506526,0.035101986711361416
0.003607214428857697,0.11691549330667853,0.008508508508508483,0.045882523780697376
0.00440881763527054,0.19579523236665458,0.010510510510510551,0.0566470163656216
0.005210420841683355,0.1684397281550768,0.012512512512512508,0.06739170680792492
0.006012024048096171,0.06402285187039199,0.014514514514514465,0.07811284849503672
0.006813627254509014,0.07191248091061639,0.016516516516516533,0.08880670794852691
0.007615230460921829,-0.01314937782767664,0.01851851851851849,0.09946956690457548
0.008416833667334644,0.08742438359816755,0.020520520520520558,0.1100977243851434
0.009218436873747488,0.200248951601789,0.022522522522522515,0.1206874987585643
0.010020040080160303,-0.08843154457613076,0.02452452452452447,0.13123522978831445
0.010821643286573146,0.03649792502762509,0.02652652652652654,0.1417372806686949
0.011623246492985961,-0.0013571640796329158,0.028528528528528496,0.15219004004618725
0.012424849699398777,0.09528917834767968,0.030530530530530564,0.16258992402525385
0.01322645290581162,0.03512402780687625,0.03253253253253252,0.17293337815734347
0.014028056112224435,0.23633406551914796,0.03453453453453448,0.18321687941190423
0.01482965931863725,0.0028853918081843313,0.036536536536536546,0.19343693812818652
0.015631262525050094,0.16358985964114184,0.0385385385385385,0.20359009994665056
0.01643286573146291,0.07673918359189204,0.04054054054054057,0.21367294771880516
0.017234468937875752,-0.03925198374830277,0.04254254254254253,0.22368210339429898
0.018036072144288567,0.0861412084881114,0.044544544544544484,0.2336142298841306
0.018837675350701383,0.12378073794203226,0.04654654654654655,0.24346603289882715
0.019639278557114226,0.17759196493533047,0.04854854854854851,0.2532342627604775
0.02044088176352704,0.08329827311829446,0.05055055055055058,0.2629157161875216
0.021242484969939857,0.13954786700019056,0.052552552552552534,0.2725072380511961
0.0220440881763527,-0.07529883384118102,0.0545545545545546,0.28200572310258387
0.022845691382765515,0.01364220248483334,0.05655655655655656,0.29140811766919994
0.023647294589178358,0.04265703451490183,0.058558558558558516,0.30071142132009965
0.024448897795591173,0.09120300945054396,0.06056056056056058,0.30991268849848347
0.02525050100200399,0.020002482137570672,0.06256256256256254,0.3190090301208136
0.026052104208416832,0.09584400015618189,0.06456456456456461,0.32799761514147646
0.026853707414829647,0.10668340323885513,0.06656656656656657,0.3368756720820302
0.027655310621242463,0.05520919496364163,0.06856856856856852,0.3456404905241262
0.028456913827655306,0.10851223441495532,0.07057057057057059,0.3542894225651889
0.02925851703406812,0.1832587669627325,0.07257257257257255,0.362819884235977
0.030060120240480964,0.27229755286452995,0.07457457457457461,0.37122935687917713
0.03086172344689378,0.11647071838991128,0.07657657657657657,0.3795153884881838
0.031663326653306595,0.25301119033232494,0.07857857857857853,0.3876755950052748
0.03246492985971944,0.24604356293004703,0.0805805805805806,0.39570766157838744
0.03326653306613225,0.313911213221104,0.08258258258258255,0.4036093437757454
0.03406813627254507,0.14225956568802045,0.08458458458458462,0.4113784687576122
0.03486973947895791,0.05243043667951406,0.08658658658658658,0.41901293640445597
0.03567134268537073,0.021737220353665362,0.08858858858858853,0.4265107204008667
0.03647294589178354,0.2200328139248501,0.0905905905905906,0.4338698692745648
0.037274549098196386,0.052173706135532585,0.09259259259259256,0.4410885073898891
0.0380761523046092,0.2684789105388377,0.09459459459459463,0.4481648358951752
0.038877755511022044,0.1816306554796885,0.09659659659659658,0.4550971336234546
0.03967935871743486,0.27789395850984283,0.09859859859859854,0.4618837579459528
0.040480961923847675,0.06256053811869657,0.10060060060060061,0.46852314557787383
0.04128256513026052,0.22135292805167422,0.10260260260260257,0.47501381333600357
0.04208416833667333,0.3367975302708267,0.10460460460460463,0.4813543588476896
0.04288577154308615,0.36899880778250593,0.10660660660660659,0.4875434612107802
0.04368737474949899,0.2019419402320036,0.10860860860860866,0.49357988160414823
0.04448897795591181,0.1685893815767307,0.11061061061061062,0.4994624638484404
0.04529058116232465,0.3502581111267227,0.11261261261261257,0.5051901349167421
0.046092184368737465,0.4171124450924487,0.11461461461461464,0.5107619053948604
0.04689378757515028,0.09251549176766947,0.1166166166166166,0.5161768698909739
0.047695390781563124,0.24351601044194476,0.11861861861861867,0.5214342073944255
0.04849699398797594,0.1927561185686282,0.12062062062062062,0.5265331815834582
0.049298597194388755,0.09368630216879592,0.12262262262262258,0.5314731410817418
0.0501002004008016,0.26371807779567297,0.12462462462462465,0.5362535196635534
0.05090180360721441,0.2562709221183005,0.1266266266266266,0.5408738364075181
0.05170340681362723,0.3001012998603057,0.12862862862862867,0.545333695798847
0.052505010020040044,0.20791784035335006,0.13063063063063063,0.5496327877800341
0.053306613226452915,0.3287715687433555,0.13263263263263259,0.553770887750018
0.05410821643286573,0.4177142371997243,0.13463463463463465,0.5577478565118359
0.054909819639278545,0.24646377192696836,0.1366366366366366,0.5615636401688329
0.05571142284569136,0.2031408712098614,0.13863863863863868,0.565218269969529
0.056513026052104176,0.1278518843262368,0.14064064064064064,0.5687118621012639
0.05731462925851705,0.415856084532991,0.1426426426426426,0.5720446174327856
0.05811623246492986,0.33787686326530414,0.14464464464464466,0.5752168212059716
0.05891783567134268,0.17065017589272746,0.14664664664664662,0.5782288426769079
0.05971943887775549,0.26771125074176577,0.14864864864864868,0.5810811347065811
0.06052104208416831,0.4386879804286366,0.15065065065065064,0.5837742333014694
0.061322645290581124,0.15632016362085496,0.1526526526526526,0.5863087571043528
0.062124248496993995,0.2703548054489874,0.15465465465465467,0.5886854068356884
0.06292585170340681,0.3004474608421212,0.15665665665665662,0.5909049646859337
0.06372745490981963,0.42809113455049697,0.1586586586586587,0.5929682936592273
0.06452905811623244,0.4238873766276099,0.16066066066066065,0.5948763368688678
0.06533066132264526,0.2832797633892928,0.1626626626626626,0.5966301167850616
0.06613226452905813,0.4403325296227566,0.16466466466466467,0.598230734435442
0.06693386773547094,0.1992581707352075,0.16666666666666663,0.5996793685588859
0.06773547094188376,0.31808259986610044,0.1686686686686687,0.6009772747131932
0.06853707414829657,0.24294341455553903,0.17067067067067065,0.6021257843372092
0.06933867735470939,0.28265879577318226,0.1726726726726726,0.6031263037680146
0.07014028056112226,0.3634015098178248,0.17467467467467468,0.6039803132138196
0.07094188376753507,0.4340569944145546,0.17667667667667664,0.604689365683239
0.07174348697394789,0.29020176107807544,0.1786786786786787,0.6052550858716456
0.0725450901803607,0.4602137180913289,0.18068068068068066,0.6056791690053255
0.07334669338677352,0.44408886973474443,0.18268268268268273,0.6059633796441909
0.07414829659318634,0.31931910393372903,0.18468468468468469,0.6061095504438243
0.0749498997995992,0.29966310168317517,0.18668668668668664,0.6061195808776585
0.07575150300601202,0.32389172311250813,0.1886886886886887,0.6059954359201186
0.07655310621242484,0.43739047444600127,0.19069069069069067,0.6057391446915802
0.07735470941883765,0.5125926797452984,0.19269269269269274,0.6053527990660155
0.07815631262525047,0.40711340600364265,0.1946946946946947,0.6048385522422275
0.07895791583166334,0.3727996258099755,0.19669669669669665,0.6041986172795941
0.07975951903807615,0.46863945237088206,0.19869869869869872,0.6034352655992619
0.08056112224448897,0.46149541848451875,0.20070070070070067,0.6025508254517572
0.08136272545090178,0.28802766920358763,0.20270270270270274,0.601547680351997
0.0821643286573146,0.21054706068563578,0.2047047047047047,0.6004282674827047
0.08296593186372742,0.504955838656012,0.20670670670670666,0.5991950760672562
0.08376753507014029,0.47737492702963746,0.20870870870870872,0.5978506457129991
0.0845691382765531,0.43742800848847657,0.21071071071071068,0.5963975647261057
0.08537074148296592,0.4219629368237423,0.21271271271271275,0.5948384683990396
0.08617234468937873,0.5406419457205115,0.2147147147147147,0.5931760372717316
0.08697394789579155,0.24818865743279653,0.21671671671671666,0.5914129953675737
0.08777555110220442,0.3624133354134597,0.21871871871871873,0.5895521084053641
0.08857715430861723,0.33498966036108024,0.2207207207207207,0.5875961819883392
0.08937875751503005,0.40133689675738965,0.22272272272272275,0.5855480597714509
0.09018036072144286,0.46106859105234144,0.2247247247247247,0.5834106216080595
0.09098196392785568,0.47597246836553386,0.22672672672672667,0.5811867816772193
0.09178356713426855,0.4578738173545231,0.22872872872872874,0.578879486592756
0.09258517034068137,0.27502742482279247,0.2307307307307307,0.5764917134953341
0.09338677354709418,0.5154540193706562,0.23273273273273276,0.5740264681287326
0.094188376753507,0.5578956287413785,0.23473473473473472,0.5714867829015514
0.09498997995991981,0.5161550431535687,0.23673673673673679,0.5688757149355804
0.09579158316633263,0.34530447520495,0.23873873873873874,0.5661963441020725
0.0965931863727455,0.3290640862818214,0.2407407407407407,0.5634517710471674
0.09739478957915831,0.32297313596458155,0.24274274274274277,0.5606451152077192
0.09819639278557113,0.4016746809619081,0.24474474474474472,0.5577795128187897
0.09899799599198394,0.46124280630818154,0.2467467467467468,0.5548581149140669
0.09979959919839676,0.5345188663161132,0.24874874874874875,0.551884085320481
0.10060120240480963,0.49171733907082876,0.2507507507507507,0.5488605986482857
0.10140280561122245,0.39609815136628546,0.2527527527527528,0.5457908382778792
0.10220440881763526,0.4159166745477258,0.25475475475475473,0.5426779943446419
0.10300601202404808,0.5776843683395783,0.2567567567567568,0.5395252617230593
0.10380761523046089,0.4625066765209049,0.25875875875875876,0.5363358380114155
0.10460921843687376,0.4914544113099534,0.2607607607607607,0.5331129215183225
0.10541082164328658,0.4441378602965692,0.2627627627627628,0.5298597092523631
0.1062124248496994,0.42518309091514017,0.26476476476476474,0.5265793949161177
0.10701402805611221,0.4907900305814254,0.2667667667667668,0.5232751669058365
0.10781563126252502,0.46468576656974714,0.26876876876876876,0.5199502063180286
0.10861723446893784,0.46548279052525343,0.2707707707707707,0.5166076849642162
0.10941883767535071,0.43081312332529875,0.2727727727727728,0.5132507633951136
0.11022044088176353,0.536995616946733,0.27477477477477474,0.5098825889354716
0.11102204408817634,0.5580107571019928,0.2767767767767768,0.5065062937308281
0.11182364729458916,0.47558915471430124,0.27877877877877877,0.5031249928073942
0.11262525050100197,0.43119168868354363,0.2807807807807807,0.4997417821462947
0.11342685370741484,0.5239065764931313,0.2827827827827828,0.49635973677338047
0.11422845691382766,0.5973826988463669,0.28478478478478475,0.4929819088658068
0.11503006012024047,0.5199169747092477,0.2867867867867868,0.48961132587657236
0.11583166332665329,0.5024120728214885,0.2887887887887888,0.4862509886781959
0.1166332665330661,0.5543734187876083,0.29079079079079073,0.4829038697266938
0.11743486973947892,0.43705430900626624,0.2927927927927928,0.47957291124701523
0.11823647294589179,0.47985497091063367,0.29479479479479476,0.4762610234410667
0.1190380761523046,0.5597190735794135,0.2967967967967968,0.47297108271945465
0.11983967935871742,0.41048012477762813,0.2987987987987988,0.4697059299580496
0.12064128256513024,0.555105389780695,0.30080080080080074,0.4664683687804653
0.12144288577154305,0.5409958384124858,0.3028028028028028,0.4632611638675259
0.12224448897795592,0.558422499975927,0.30480480480480476,0.4600870392947791
0.12304609218436874,0.5205614786239657,0.30680680680680683,0.45694867689909124
0.12384769539078155,0.5587831129597294,0.3088088088088088,0.4538487146753479
0.12464929859719437,0.4991876469734415,0.31081081081081086,0.4507897452042544
0.12545090180360718,0.5513089148664424,0.3128128128128128,0.4477743141122209
0.12625250501002006,0.47790334602473905,0.31481481481481477,0.4448049185642874
0.12705410821643287,0.5277630111084816,0.31681681681681684,0.44188400579102793
0.12785571142284569,0.49995189120570127,0.3188188188188188,0.4390139716503493
0.1286573146292585,0.5475859714185107,0.32082082082082086,0.4361971592250733
0.12945891783567132,0.5281762101317619,0.3228228228228228,0.43343585745718016
0.13026052104208413,0.5415949001718291,0.3248248248248248,0.43073229981954875
0.131062124248497,0.5337254852604341,0.32682682682682684,0.4280886630260236
0.13186372745490982,0.5388873195739465,0.3288288288288288,0.42550706578060254
0.13266533066132263,0.5571638686640078,0.33083083083083087,0.4229895675665121
0.13346693386773545,0.5592141174476414,0.3328328328328328,0.420538167475927
0.13426853707414826,0.5856656967160796,0.3348348348348348,0.4181548030810416
0.13507014028056114,0.5267668530598703,0.33683683683683685,0.41584134934719386
0.13587174348697395,0.5711835160816323,0.3388388388388388,0.41359961758870606
0.13667334669338677,0.540476921081362,0.3408408408408409,0.4114313544680782
0.13747494989979958,0.5564113372277233,0.34284284284284283,0.40933824103914707
0.1382765531062124,0.5452005609483396,0.3448448448448448,0.4073218918347917
0.1390781563126252,0.5401565999569495,0.34684684684684686,0.40538385399974
0.13987975951903808,0.568152203887492,0.3488488488488488,0.4035256064689982
0.1406813627254509,0.5997753706212061,0.3508508508508509,0.4017485591924018
0.1414829659318637,0.5827712362123865,0.35285285285285284,0.40005405240574965
0.14228456913827653,0.543824233748134,0.3548548548548548,0.3984433559489592
0.14308617234468934,0.5363314807229288,0.35685685685685686,0.39691766863164846
0.14388777555110221,0.545012251695733,0.3588588588588588,0.3954781176465162
0.14468937875751503,0.5399574163565916,0.3608608608608609,0.39412575803086675
0.14549098196392785,0.5852185937317953,0.36286286286286284,0.3928615721765949
0.14629258517034066,0.6020643908076887,0.3648648648648649,0.3916864693889068
0.14709418837675348,0.5654172279838333,0.36686686686686687,0.3906012854940325
0.14789579158316635,0.58655407750674,0.3688688688688688,0.3896067824961492
0.14869739478957916,0.5886275062611503,0.3708708708708709,0.38870364828369885
0.14949899799599198,0.5819785793758457,0.37287287287287285,0.3878924963852619
0.1503006012024048,0.536930137542961,0.3748748748748749,0.3871738657751067
0.1511022044088176,0.606053781199904,0.3768768768768769,0.38654822072850936
0.15190380761523042,0.5918745323552502,0.37887887887887883,0.38601595072690353
0.1527054108216433,0.604356187485189,0.3808808808808809,0.3855773704128901
0.1535070140280561,0.5744430101568685,0.38288288288288286,0.3852327195951005
0.15430861723446893,0.6050586631892492,0.3848848848848849,0.3849821633028826
0.15511022044088174,0.5929870946664174,0.3868868868868869,0.38482579189073707
0.15591182364729456,0.5963536095014452,0.38888888888888884,0.384763621192409
0.15671342685370743,0.5921045854541633,0.3908908908908909,0.3847955927245019
0.15751503006012024,0.6061313010445093,0.39289289289289286,0.3849215739394511
0.15831663326653306,0.5906105596211245,0.39489489489489493,0.38514135852766357
0.15911823647294587,0.6031213523404009,0.3968968968968969,0.385454666768598
0.1599198396793587,0.5964314217685203,0.39889889889889885,0.38586114593052767
0.1607214428857715,0.6054855849112334,0.4009009009009009,0.3863603707186969
0.16152304609218437,0.585908449167383,0.40290290290290287,0.38695184377155534
0.1623246492985972,0.605586245803025,0.40490490490490494,0.3876349962047152
0.16312625250501,0.6057206030936013,0.4069069069069069,0.38840918820225534
0.16392785571142282,0.6032210345844801,0.40890890890890885,0.3892737096549588
0.16472945891783564,0.5939491758678017,0.4109109109109109,0.3902277808450434
0.1655310621242485,0.5991489344854757,0.4129129129129129,0.3912705531769154
0.16633266533066132,0.6054484029189171,0.41491491491491495,0.3924011099534461
0.16713426853707414,0.5967030901290864,0.4169169169169169,0.3936184671972415
0.16793587174348695,0.5954389179662192,0.41891891891891886,0.3949215745163469
0.16873747494989977,0.5794845811605039,0.4209209209209209,0.3963093160138038
0.16953907815631264,0.6040603745470359,0.4229229229229229,0.3977805112404371
0.17034068136272545,0.606116947067407,0.42492492492492495,0.3993339161902394
0.17114228456913827,0.6059478570776974,0.4269269269269269,0.400968224337676
0.17194388777555109,0.6061149444987982,0.42892892892892887,0.40268206771621984
0.1727454909819639,0.6040123047295506,0.43093093093093093,0.4044740180373898
0.17354709418837672,0.5361147333458833,0.4329329329329329,0.40634258784954624
0.1743486973947896,0.6057728827609815,0.43493493493493496,0.40828623173567113
0.1751503006012024,0.601355576211827,0.4369369369369369,0.4103033475493304
0.17595190380761522,0.5875989053087044,0.438938938938939,0.41239227768800013
0.17675350701402803,0.597115721522103,0.44094094094094094,0.41455131040290516
0.17755511022044085,0.6060250613535209,0.4429429429429429,0.4167786811445043
0.17835671342685372,0.5728432605115718,0.44494494494494496,0.4190725739427251
0.17915831663326653,0.6060689028294945,0.4469469469469469,0.4214311228210353
0.17995991983967935,0.6056528698646196,0.448948948948949,0.4238524132434143
0.18076152304609217,0.5937891590914292,0.45095095095095095,0.42633448359326476
0.18156312625250498,0.6041569813947182,0.4529529529529529,0.42887532668328865
0.18236472945891785,0.606131593528436,0.45495495495495497,0.43147289129532757
0.18316633266533067,0.6053781125207042,0.45695695695695693,0.4341250837491507
0.18396793587174348,0.606130017938803,0.458958958958959,0.43682976949915725
0.1847695390781563,0.6039992105238442,0.46096096096096095,0.4395847747579335
0.1855711422845691,0.6058799791642128,0.4629629629629629,0.4423878881456025
0.18637274549098193,0.5876744690744323,0.464964964964965,0.44523686236387156
0.1871743486973948,0.5997763046253503,0.46696696696696693,0.4481294158936785
0.18797595190380761,0.5960935140978402,0.468968968968969,0.45106323471531895
0.18877755511022043,0.6061286982310402,0.47097097097097096,0.4540359740499199
0.18957915831663325,0.6006722243036614,0.4729729729729729,0.45704526012111607
0.19038076152304606,0.6014046495567226,0.474974974974975,0.4600886919357685
0.19118236472945893,0.6059584991880267,0.47697697697697694,0.4631638430825544
0.19198396793587175,0.6054242307912356,0.478978978978979,0.46626826354724843
0.19278557114228456,0.6050280574277033,0.48098098098098097,0.4693994815434969
0.19358717434869738,0.5999069481960044,0.4829829829829829,0.472555005357889
0.1943887775551102,0.6038445296716901,0.484984984984985,0.47573232520810543
0.195190380761523,0.5832992910211168,0.48698698698698695,0.47892891511293
0.19599198396793588,0.6055970107764608,0.488988988988989,0.4821422347728937
0.1967935871743487,0.603228503233045,0.49099099099099097,0.48536973146031404
0.1975951903807615,0.5995800953889378,0.49299299299299304,0.4886088419174953
0.19839679358717432,0.6050767848580291,0.494994994994995,0.4918569942618348
0.19919839679358714,0.5945679648104281,0.49699699699699695,0.4951116098965936
0.2,0.605499354014503,0.498998998998999,0.49837010542607113
0.6,0.6079399264817772,0.5010010010010011,0.501629894573929
0.6008016032064128,0.6150198201834194,0.503003003003003,0.5048883901034064
0.6016032064128256,0.6145494769447888,0.505005005005005,0.5081430057381652
0.6024048096192385,0.6117366386074525,0.507007007007007,0.5113911580825047
0.6032064128256512,0.5837227337012965,0.5090090090090089,0.5146302685396857
0.6040080160320641,0.6124593901827141,0.5110110110110111,0.5178577652271065
0.604809619238477,0.6061806729752371,0.513013013013013,0.52107108488707
0.6056112224448897,0.6150507494482761,0.515015015015015,0.5242676747918945
0.6064128256513026,0.6140227847023023,0.517017017017017,0.5274449946421108
0.6072144288577154,0.6134851265574675,0.5190190190190189,0.5306005184565028
0.6080160320641282,0.6146927045748242,0.5210210210210211,0.5337317364527517
0.6088176352705411,0.5858714432402183,0.5230230230230231,0.5368361569174455
0.6096192384769539,0.6145987836139563,0.525025025025025,0.5399113080642315
0.6104208416833667,0.6146954545934417,0.527027027027027,0.5429547398788837
0.6112224448897795,0.6037178485947381,0.5290290290290289,0.5459640259500799
0.6120240480961924,0.6148597107360875,0.5310310310310311,0.5489367652846812
0.6128256513026051,0.6135790002239712,0.5330330330330331,0.5518705841063216
0.613627254509018,0.6123767606519483,0.535035035035035,0.5547631376361285
0.6144288577154309,0.6063638758077297,0.537037037037037,0.5576121118543973
0.6152304609218436,0.6134639837015634,0.5390390390390389,0.5604152252420663
0.6160320641282565,0.6117840384592422,0.5410410410410411,0.5631702305008429
0.6168336673346693,0.6148461436130577,0.5430430430430431,0.5658749162508492
0.6176352705410821,0.5871380985733026,0.545045045045045,0.5685271087046725
0.618436873747495,0.613304788329763,0.547047047047047,0.5711246733167112
0.6192384769539078,0.6118266762995873,0.5490490490490489,0.5736655164067351
0.6200400801603206,0.6131214016291675,0.5510510510510511,0.5761475867565857
0.6208416833667334,0.6139014558934608,0.5530530530530531,0.5785688771789647
0.6216432865731463,0.566893920874493,0.555055055055055,0.5809274260572749
0.6224448897795591,0.6144511495795537,0.557057057057057,0.5832213188554956
0.6232464929859719,0.5909710505605855,0.559059059059059,0.5854486895970947
0.6240480961923848,0.6150827167873372,0.5610610610610611,0.587607722312
0.6248496993987975,0.6142415965349611,0.5630630630630631,0.5896966524506696
0.6256513026052104,0.6141300161692259,0.565065065065065,0.5917137682643289
0.6264529058116233,0.6023611855331807,0.567067067067067,0.5936574121504536
0.627254509018036,0.6110336574920335,0.569069069069069,0.5955259819626101
0.6280561122244489,0.5946609227601837,0.5710710710710711,0.5973179322837802
0.6288577154308617,0.6151504696252567,0.5730730730730731,0.599031775662324
0.6296593186372745,0.615155609197147,0.575075075075075,0.6006660838097606
0.6304609218436874,0.6148028315178417,0.577077077077077,0.6022194887595628
0.6312625250501002,0.6046039328441349,0.579079079079079,0.6036906839861961
0.632064128256513,0.6124542621792476,0.5810810810810811,0.605078425483653
0.6328657314629258,0.6136714292793616,0.5830830830830831,0.6063815328027586
0.6336673346693387,0.6131895519085646,0.585085085085085,0.6075988900465539
0.6344689378757515,0.6149567740368341,0.587087087087087,0.6087294468230845
0.6352705410821643,0.6143040242000988,0.589089089089089,0.6097722191549566
0.6360721442885772,0.6115530699378787,0.5910910910910911,0.6107262903450413
0.6368737474949899,0.6123163444755269,0.5930930930930931,0.6115908117977447
0.6376753507014028,0.6114527578029271,0.5950950950950951,0.6123650037952848
0.6384769539078156,0.5766286206019982,0.597097097097097,0.6130481562284447
0.6392785571142284,0.5597005025738837,0.5990990990990992,0.6136396292813031
0.6400801603206413,0.6051906595954537,0.6011011011011012,0.6141388540694724
0.6408817635270541,0.605978479780223,0.6031031031031031,0.614545333231402
0.6416833667334669,0.615203131784367,0.6051051051051051,0.6148586414723365
0.6424849699398797,0.5868898379912182,0.607107107107107,0.6150784260605491
0.6432865731462926,0.6143167219496161,0.6091091091091092,0.6152044072754981
0.6440881763527054,0.5810744806893802,0.6111111111111112,0.615236378807591
0.6448897795591182,0.6091456578483587,0.6131131131131131,0.615174208109263
0.6456913827655311,0.6014616862258774,0.6151151151151151,0.6150178366971175
0.6464929859719438,0.6095127544981469,0.617117117117117,0.6147672804048996
0.6472945891783567,0.5990628546070218,0.6191191191191192,0.61442262958711
0.6480961923847696,0.5506533649869256,0.6211211211211212,0.6139840492730965
0.6488977955911823,0.5684766355952996,0.6231231231231231,0.6134517792714906
0.6496993987975952,0.5994107498850226,0.6251251251251251,0.6128261342248934
0.650501002004008,0.6147544532928488,0.627127127127127,0.6121075036147382
0.6513026052104208,0.5828075128244901,0.6291291291291292,0.6112963517163013
0.6521042084168336,0.6130871007201956,0.6311311311311312,0.6103932175038509
0.6529058116232465,0.6028819554904381,0.6331331331331331,0.6093987145059675
0.6537074148296593,0.6108264376970964,0.6351351351351351,0.6083135306110933
0.6545090180360721,0.5600905029690988,0.637137137137137,0.6071384278234052
0.655310621242485,0.5865305240093623,0.6391391391391392,0.6058742419691332
0.6561122244488977,0.5766386232321797,0.6411411411411412,0.6045218823534841
0.6569138276553106,0.5876135317293041,0.6431431431431431,0.6030823313683515
0.6577154308617235,0.5987492269073097,0.6451451451451451,0.6015566440510409
0.6585170340681362,0.5544603390013922,0.647147147147147,0.5999459475942506
0.6593186372745491,0.5945685838151662,0.6491491491491492,0.5982514408075982
0.6601202404809619,0.5654290212196781,0.6511511511511512,0.5964743935310017
0.6609218436873747,0.5638806372987963,0.6531531531531531,0.5946161460002602
0.6617234468937876,0.5862054932783911,0.6551551551551551,0.5926781081652086
0.6625250501002004,0.5766690867725939,0.6571571571571571,0.5906617589608532
0.6633266533066132,0.61011846769672,0.6591591591591592,0.5885686455319219
0.664128256513026,0.5535351622095915,0.6611611611611612,0.586400382411294
0.6649298597194389,0.5799162543960991,0.6631631631631631,0.5841586506528063
0.6657314629258517,0.5592536996856041,0.6651651651651651,0.5818451969189586
0.6665330661322645,0.5243010045797041,0.6671671671671671,0.5794618325240734
0.6673346693386774,0.5940569300281059,0.6691691691691692,0.5770104324334877
0.6681362725450901,0.5775076088429048,0.6711711711711712,0.5744929342193977
0.668937875751503,0.5975870788571203,0.6731731731731732,0.5719113369739763
0.6697394789579159,0.6122127059583181,0.6751751751751751,0.5692677001804516
0.6705410821643286,0.5727355945460101,0.6771771771771771,0.5665641425428201
0.6713426853707415,0.5720699031138613,0.6791791791791792,0.5638028407749267
0.6721442885771542,0.5886285333116379,0.6811811811811812,0.5609860283496508
0.6729458917835671,0.550081674411188,0.6831831831831832,0.558115994208972
0.67374749498998,0.5506885660673728,0.6851851851851851,0.5551950814357131
0.6745490981963927,0.592558309658722,0.6871871871871871,0.5522256858877794
0.6753507014028056,0.5906638342971525,0.6891891891891893,0.5492102547957458
0.6761523046092184,0.5703934178838919,0.6911911911911912,0.5461512853246523
0.6769539078156313,0.5348022056127172,0.6931931931931932,0.5430513231009089
0.6777555110220441,0.5721370001774304,0.6951951951951951,0.5399129607052211
0.6785571142284569,0.5491319005182207,0.6971971971971971,0.5367388361324745
0.6793587174348698,0.555769722324249,0.6991991991991993,0.5335316312195346
0.6801603206412825,0.5631256531316293,0.7012012012012012,0.5302940700419503
0.6809619238476954,0.5776469786701607,0.7032032032032032,0.5270289172805456
0.6817635270541083,0.5883708570545169,0.7052052052052051,0.5237389765589335
0.682565130260521,0.5027275280784084,0.7072072072072071,0.5204270887529852
0.6833667334669339,0.5446944847663854,0.7092092092092093,0.5170961302733064
0.6841683366733466,0.5634500077286649,0.7112112112112112,0.5137490113218043
0.6849699398797595,0.5989121532145097,0.7132132132132132,0.5103886741234276
0.6857715430861723,0.543748912324371,0.7152152152152151,0.5070180911341936
0.6865731462925851,0.517192864598757,0.7172172172172173,0.5036402632266194
0.687374749498998,0.5446630864704536,0.7192192192192193,0.5002582178537052
0.6881763527054108,0.508940997644932,0.7212212212212212,0.4968750071926061
0.6889779559118236,0.5314772185230886,0.7232232232232232,0.49349370626917205
0.6897795591182364,0.5505857499854595,0.7252252252252251,0.49011741106452866
0.6905811623246493,0.5231842603527479,0.7272272272272273,0.4867492366048865
0.6913827655310621,0.5425164259360754,0.7292292292292293,0.48339231503578384
0.6921843687374749,0.5155694155490752,0.7312312312312312,0.48004979368197137
0.6929859719438878,0.5247280036053928,0.7332332332332332,0.4767248330941638
0.6937875751503005,0.534391831411705,0.7352352352352352,0.4734206050838827
0.6945891783567134,0.49950759894841096,0.7372372372372373,0.47014029074763664
0.6953907815631262,0.5222970184019058,0.7392392392392393,0.46688707848167776
0.696192384769539,0.5377851606194591,0.7412412412412412,0.4636641619885846
0.6969939879759519,0.5870520537787391,0.7432432432432432,0.46047473827694074
0.6977955911823647,0.5155991302167527,0.7452452452452452,0.4573220056553582
0.6985971943887775,0.5097326190258942,0.7472472472472473,0.4542091617221205
0.6993987975951903,0.5278206196792088,0.7492492492492493,0.45113940135171426
0.7002004008016032,0.5336766041835282,0.7512512512512513,0.4481159146795192
0.701002004008016,0.5525760021093089,0.7532532532532532,0.4451418850859333
0.7018036072144288,0.548897648761224,0.7552552552552552,0.44222048718121054
0.7026052104208417,0.568525324801785,0.7572572572572573,0.43935488479228096
0.7034068136272544,0.5136874637029079,0.7592592592592593,0.4365482289528328
0.7042084168336673,0.47164324290663723,0.7612612612612613,0.4338036558979275
0.7050100200400802,0.5141637117217224,0.7632632632632632,0.4311242850644196
0.7058116232464929,0.5527210148561434,0.7652652652652652,0.4285132170984489
0.7066132264529058,0.5487026973399483,0.7672672672672673,0.4259735318712673
0.7074148296593186,0.5393767109718015,0.7692692692692693,0.42350828650466615
0.7082164328657314,0.5786552197796144,0.7712712712712713,0.42112051340724427
0.7090180360721443,0.5519919690967533,0.7732732732732732,0.41881321832278096
0.7098196392785571,0.5257887428518302,0.7752752752752752,0.41658937839194077
0.7106212424849699,0.4863469781140176,0.7772772772772774,0.41445194022854914
0.7114228456913827,0.5089232259305465,0.7792792792792793,0.4124038180116608
0.7122244488977956,0.5290167157071733,0.7812812812812813,0.4104478915946358
0.7130260521042084,0.540744520205625,0.7832832832832832,0.4085870046324265
0.7138276553106212,0.4778972197992315,0.7852852852852852,0.40682396272826854
0.7146292585170341,0.4856460567882891,0.7872872872872874,0.40516153160096036
0.7154308617234468,0.5257151541085688,0.7892892892892893,0.40360243527389444
0.7162324649298597,0.4675244361215661,0.7912912912912913,0.4021493542870011
0.7170340681362726,0.5173638148960903,0.7932932932932932,0.40080492393274386
0.7178356713426853,0.5164384875508499,0.7952952952952952,0.39957173251729555
0.7186372745490982,0.5247832024012875,0.7972972972972974,0.39845231964800293
0.719438877755511,0.5666951524731527,0.7992992992992993,0.3974491745482427
0.7202404809619238,0.5378299927951735,0.8013013013013013,0.3965647344007383
0.7210420841683367,0.5252396904905827,0.8033033033033032,0.39580138272040605
0.7218436873747495,0.5073307109465864,0.8053053053053052,0.3951614477577724
0.7226452905811623,0.4854913710404781,0.8073073073073074,0.3946472009339846
0.7234468937875751,0.5181351834637584,0.8093093093093093,0.3942608553084198
0.724248496993988,0.4572316498589991,0.8113113113113113,0.3940045640798815
0.7250501002004008,0.5086386155700107,0.8133133133133132,0.3938804191223416
0.7258517034068136,0.45034055731652334,0.8153153153153152,0.39389044955617564
0.7266533066132265,0.5116563312894592,0.8173173173173174,0.39403662035580916
0.7274549098196392,0.5093265148539052,0.8193193193193193,0.39432083099467463
0.7282565130260521,0.46543541494140167,0.8213213213213213,0.3947449141283545
0.729058116232465,0.517699603034319,0.8233233233233233,0.39531063431676094
0.7298597194388777,0.5001555903992789,0.8253253253253252,0.3960196867861804
0.7306613226452905,0.5270555600057522,0.8273273273273274,0.3968736962319853
0.7314629258517034,0.5188886692495344,0.8293293293293293,0.3978742156627908
0.7322645290581162,0.474876956250893,0.8313313313313313,0.39902272528680693
0.7330661322645291,0.53650778185169,0.8333333333333333,0.40032063144111396
0.7338677354709419,0.496263087013836,0.8353353353353352,0.40176926556455794
0.7346693386773546,0.4505602915688629,0.8373373373373374,0.4033698832149383
0.7354709418837675,0.4835133587297239,0.8393393393393394,0.40512366313113224
0.7362725450901804,0.4483712408593521,0.8413413413413413,0.40703170634077257
0.7370741482965931,0.47117363657495087,0.8433433433433433,0.40909503531406616
0.737875751503006,0.4078392828314388,0.8453453453453452,0.4113145931643114
0.7386773547094188,0.4401624017001404,0.8473473473473474,0.41369124289564724
0.7394789579158316,0.4551663181192925,0.8493493493493494,0.41622576669853056
0.7402805611222445,0.523205744938523,0.8513513513513513,0.41891886529341893
0.7410821643286573,0.4532430538373006,0.8533533533533533,0.421771157323092
0.7418837675350701,0.48249100319849947,0.8553553553553555,0.4247831787940285
0.7426853707414829,0.4527519088175287,0.8573573573573574,0.42795538256721444
0.7434869739478958,0.43518857873133127,0.8593593593593594,0.43128813789873616
0.7442885771543086,0.44655122058955415,0.8613613613613613,0.43478173003047094
0.7450901803607214,0.5005563762400662,0.8633633633633633,0.4384363598311669
0.7458917835671343,0.4606023900103544,0.8653653653653655,0.4422521434881644
0.746693386773547,0.44676569227281937,0.8673673673673674,0.44622911224998185
0.7474949899799599,0.4821355405591863,0.8693693693693694,0.4503672122199659
0.7482965931863728,0.4398886668188828,0.8713713713713713,0.45466630420115295
0.7490981963927855,0.47228809221029644,0.8733733733733733,0.4591261635924817
0.7498997995991984,0.4868712991907174,0.8753753753753755,0.46374648033644683
0.7507014028056112,0.47688169732419705,0.8773773773773774,0.4685268589182582
0.751503006012024,0.47631501860380454,0.8793793793793794,0.4734668184165417
0.7523046092184369,0.44560569922178284,0.8813813813813813,0.47856579260557436
0.7531062124248497,0.47108430314108946,0.8833833833833833,0.48382313010902567
0.7539078156312625,0.43592766904034647,0.8853853853853855,0.4892380946051398
0.7547094188376753,0.41952977680670656,0.8873873873873874,0.49480986508325786
0.7555110220440882,0.40552714962920167,0.8893893893893894,0.5005375361515595
0.756312625250501,0.4127724986777542,0.8913913913913913,0.5064201183958518
0.7571142284569138,0.4404958872030756,0.8933933933933933,0.5124565387892193
0.7579158316633267,0.45036902044534577,0.8953953953953955,0.5186456411523107
0.7587174348697394,0.4609028153665094,0.8973973973973974,0.5249861866639962
0.7595190380761523,0.47896091568363097,0.8993993993993994,0.531476854422126
0.7603206412825652,0.5048041946207066,0.9014014014014013,0.5381162420540467
0.7611222444889779,0.41431680062807796,0.9034034034034033,0.544902866376545
0.7619238476953908,0.49544841033881754,0.9054054054054055,0.5518351641048251
0.7627254509018035,0.4288536471320628,0.9074074074074074,0.5589114926101109
0.7635270541082164,0.4830668529682294,0.9094094094094094,0.5661301307254353
0.7643286573146293,0.40719797682409514,0.9114114114114114,0.5734892795991327
0.765130260521042,0.4019392166609547,0.9134134134134133,0.5809870635955434
0.7659318637274549,0.4653874188160947,0.9154154154154155,0.5886215312423879
0.7667334669338677,0.420619482206408,0.9174174174174174,0.5963906562242544
0.7675350701402806,0.4385107722205465,0.9194194194194194,0.6042923384216125
0.7683366733466934,0.4352895473762223,0.9214214214214214,0.6123244049947247
0.7691382765531062,0.40119116670945565,0.9234234234234233,0.6204846115118154
0.769939879759519,0.4122845832302114,0.9254254254254255,0.6287706431208234
0.7707414829659318,0.4245819218683374,0.9274274274274275,0.6371801157640231
0.7715430861723447,0.43642459292426794,0.9294294294294294,0.6457105774348109
0.7723446893787576,0.40434549661379876,0.9314314314314314,0.6543595094758731
0.7731462925851703,0.3960848558365289,0.9334334334334333,0.6631243279179694
0.7739478957915832,0.44650183964369156,0.9354354354354355,0.6720023848585238
0.774749498997996,0.41722533295400066,0.9374374374374375,0.6809909698791863
0.7755511022044088,0.4020458535785144,0.9394394394394394,0.6900873115015165
0.7763527054108217,0.40573379706140994,0.9414414414414414,0.6992885786798995
0.7771543086172344,0.4012080137017608,0.9434434434434433,0.7085918823307993
0.7779559118236472,0.3960620783156225,0.9454454454454455,0.7179942768974168
0.7787575150300601,0.4270393709076667,0.9474474474474475,0.7274927619488036
0.779559118236473,0.3957246881933101,0.9494494494494494,0.7370842838124783
0.7803607214428857,0.3968425107213968,0.9514514514514514,0.746765737239522
0.7811623246492986,0.4001649291770227,0.9534534534534533,0.7565339671011724
0.7819639278557113,0.3991691975792937,0.9554554554554555,0.7663857701158693
0.7827655310621242,0.39468325755127626,0.9574574574574575,0.7763178966057009
0.7835671342685371,0.40212761161569044,0.9594594594594594,0.7863270522811945
0.7843687374749498,0.4011528398529944,0.9614614614614614,0.7964099000533486
0.7851703406813627,0.3989890044059902,0.9634634634634633,0.8065630618718127
0.7859719438877755,0.3947170357633024,0.9654654654654655,0.8167831205880954
0.7867735470941883,0.4100888932967701,0.9674674674674675,0.8270666218426563
0.7875751503006012,0.40296402417097443,0.9694694694694694,0.8374100759747461
0.788376753507014,0.4042265103676703,0.9714714714714714,0.8478099599538123
0.7891783567134268,0.39387208468445883,0.9734734734734736,0.8582627193313055
0.7899799599198396,0.39855052646363986,0.9754754754754755,0.8687647702116855
0.7907815631262525,0.39606505546721044,0.9774774774774775,0.8793125012414352
0.7915831663326653,0.402950704827594,0.9794794794794794,0.8899022756148562
0.7923847695390781,0.41045094462246606,0.9814814814814814,0.9005304330954238
0.793186372745491,0.40656937312124336,0.9834834834834836,0.9111932920514734
0.7939879759519037,0.3989259468965547,0.9854854854854855,0.9218871515049631
0.7947895791583166,0.393870986326113,0.9874874874874875,0.932608293192075
0.7955911823647295,0.4237254498495751,0.9894894894894894,0.9433529836343785
0.7963927855711422,0.4162063478499328,0.9914914914914914,0.9541174762193017
0.7971943887775551,0.39388359281141666,0.9934934934934936,0.9648980132886392
0.7979959919839679,0.394765423022749,0.9954954954954955,0.9756908282338014
0.7987975951903807,0.3996525402444862,0.9974974974974975,0.9864921475965608
0.7995991983967936,0.3987132784571479,0.9994994994994995,0.9972981931739647
0.8004008016032064,0.4112266804099566,1.0015015015015014,1.0081051841261635
0.8012024048096192,0.397766350138,1.0035035035035036,1.0189093390858486
0.802004008016032,0.4100151488323601,1.0055055055055055,1.0297068782680077
0.8028056112224449,0.3942879762726808,1.0075075075075075,1.0404940255787245
0.8036072144288577,0.39503023784097135,1.0095095095095095,1.0512670107217066
0.8044088176352705,0.4197157158101761,1.0115115115115114,1.0620220713012785
0.8052104208416834,0.3944165315273493,1.0135135135135136,1.072755454920536
0.8060120240480961,0.39454319817064093,1.0155155155155156,1.0834634212733858
0.806813627254509,0.3939033206477657,1.0175175175175175,1.0941422442291964
0.8076152304609219,0.39494518346291896,1.0195195195195195,1.104788213908774
0.8084168336673346,0.39459134367272386,1.0215215215215214,1.1153976387504
0.8092184368737475,0.3943386995081614,1.0235235235235236,1.1259668475646758
0.8100200400801603,0.40898947261804547,1.0255255255255256,1.136492191576891
0.8108216432865731,0.41014673200527196,1.0275275275275275,1.1469700464557129
0.811623246492986,0.3950894078176831,1.0295295295295295,1.15739681432691
0.8124248496993988,0.3989392878820429,1.0315315315315314,1.1677689257709083
0.8132264529058116,0.40624378570978764,1.0335335335335336,1.178082841802953
0.8140280561122244,0.3948678385255284,1.0355355355355356,1.1883350558346628
0.8148296593186373,0.41460432404393927,1.0375375375375375,1.1985220956157887
0.8156312625250501,0.3979210550667428,1.0395395395395395,1.2086405251549794
0.8164328657314629,0.4056400750048712,1.0415415415415414,1.2186869466183943
0.8172344689378758,0.39512918233313765,1.0435435435435436,1.228658002204994
0.8180360721442885,0.40231377244288413,1.0455455455455456,1.2385503759973748
0.8188376753507014,0.3940924491688982,1.0475475475475475,1.2483607957870193
0.8196392785571143,0.4038647638965631,1.0495495495495495,1.2580860348728389
0.820440881763527,0.4017173451263397,1.0515515515515514,1.267722913831929
0.8212424849699398,0.4074792057946126,1.0535535535535536,1.2772683022614482
0.8220440881763527,0.3946116794226326,1.0555555555555556,1.2867191204905641
0.8228456913827655,0.39687416652001006,1.0575575575575575,1.2960723412614323
0.8236472945891784,0.39388388290312987,1.0595595595595595,1.3053249913781753
0.8244488977955912,0.39715591130957534,1.0615615615615615,1.3144741533228654
0.8252505010020039,0.4065430634854954,1.0635635635635636,1.3235169668375364
0.8260521042084168,0.39771235663370375,1.0655655655655656,1.3324506304712522
0.8268537074148297,0.3942851203148049,1.0675675675675675,1.3412724030913101
0.8276553106212424,0.39573157562063516,1.0695695695695695,1.3499796053576496
0.8284569138276553,0.3944877438735319,1.0715715715715715,1.3585696211595821
0.829258517034068,0.40978024187941525,1.0735735735735736,1.3670398990139778
0.8300601202404809,0.4054148439605797,1.0755755755755756,1.3753879534240456
0.8308617234468938,0.3951356359124451,1.0775775775775776,1.3836113661979217
0.8316633266533066,0.4050309539476266,1.0795795795795795,1.3917077877262323
0.8324649298597194,0.4176568163731625,1.0815815815815815,1.3996749382178926
0.8332665330661322,0.4105748629231542,1.0835835835835836,1.4075106088933858
0.8340681362725451,0.3938906705742152,1.0855855855855856,1.4152126631348056
0.8348697394789579,0.42962687750982514,1.0875875875875876,1.4227790375919847
0.8356713426853707,0.44708618158463453,1.0895895895895895,1.4302077432440325
0.8364729458917836,0.4008597385870601,1.0915915915915915,1.4374968664156613
0.8372745490981963,0.3967396098176561,1.0935935935935936,1.444644569747691
0.8380761523046092,0.4276082525116951,1.0955955955955956,1.4516490931211548
0.8388777555110221,0.41890972353385203,1.0975975975975976,1.4585087545344653
0.8396793587174348,0.45689057605573136,1.0995995995995995,1.4652219509331137
0.8404809619238477,0.3984886004122871,1.1016016016016015,1.4717871589914244
0.8412825651302605,0.4209657156741042,1.1036036036036037,1.4782029358458983
0.8420841683366733,0.40831790589460104,1.1056056056056056,1.4844679197797186
0.8428857715430862,0.4028185206982268,1.1076076076076076,1.490580830858035
0.843687374749499,0.41430474684928986,1.1096096096096095,1.4965404715136366
0.8444889779559118,0.4095940551465503,1.1116116116116117,1.502345727082699
0.8452905811623246,0.4312459766034858,1.1136136136136137,1.5079955662902909
0.8460921843687375,0.4105450285433515,1.1156156156156156,1.5134890416853732
0.8468937875751503,0.4536529173766501,1.1176176176176176,1.518825290025045
0.8476953907815631,0.4118689030353156,1.1196196196196195,1.5240035326078283
0.848496993987976,0.429017013406484,1.1216216216216217,1.5290230755558218
0.8492985971943887,0.3982894896297119,1.1236236236236237,1.533883310045563
0.8501002004008016,0.40749197395459436,1.1256256256256256,1.5385837124875037
0.8509018036072145,0.4609718322230467,1.1276276276276276,1.543123844654003
0.8517034068136272,0.4369554039337341,1.1296296296296295,1.5475033537557976
0.85250501002004,0.4172467534113191,1.1316316316316317,1.5517219724669302
0.8533066132264528,0.39607068199628415,1.1336336336336337,1.5557795188981471
0.8541082164328657,0.46603480951147047,1.1356356356356356,1.5596758965188258
0.8549098196392786,0.4528284000187446,1.1376376376376376,1.5634110940274955
0.8557114228456913,0.3980813140600386,1.1396396396396395,1.5669851851710752
0.8565130260521041,0.4008341379250293,1.1416416416416417,1.5703983285129701
0.857314629258517,0.39387364020032134,1.1436436436436437,1.5736507671501971
0.8581162324649299,0.43292413443556965,1.1456456456456456,1.5767428283797593
0.8589178356713427,0.41912918226676427,1.1476476476476476,1.5796749233144949
0.8597194388777555,0.4471882358952264,1.1496496496496496,1.5824475464486818
0.8605210420841682,0.4356835875227877,1.1516516516516517,1.585061275173696
0.8613226452905811,0.41500059715759674,1.1536536536536537,1.5875167692440588
0.862124248496994,0.4249744373732317,1.1556556556556556,1.5898147701942373
0.8629258517034069,0.4625379106246788,1.1576576576576576,1.591956100706593
0.8637274549098196,0.39412041260936115,1.1596596596596596,1.593941663930904
0.8645290581162324,0.41049124048664504,1.1616616616616617,1.5957724427559188
0.8653306613226452,0.5210795185641066,1.1636636636636637,1.5974494990334231
0.8661322645290581,0.5135130636494624,1.1656656656656657,1.5989739727553423
0.866933867735471,0.3996133762465524,1.1676676676676676,1.6003470811844165
0.8677354709418837,0.47730143626001054,1.1696696696696696,1.6015701179390256
0.8685370741482965,0.44927128309759534,1.1716716716716717,1.6026444520327685
0.8693386773547094,0.45043398521581657,1.1736736736736737,1.6035715268694206
0.8701402805611222,0.40649475929285594,1.1756756756756757,1.6043528591939344
0.8709418837675351,0.4326603969555649,1.1776776776776776,1.6049900380001643
0.8717434869739479,0.39839907520031803,1.1796796796796796,1.605484723396028
0.8725450901803606,0.504678642974319,1.1816816816816818,1.6058386454268467
0.8733466933867735,0.49453334498229523,1.1836836836836837,1.606053602857622
0.8741482965931864,0.46413763323412527,1.1856856856856857,1.6061314619150493
0.8749498997995993,0.40787482388848306,1.1876876876876876,1.6060741549900708
0.875751503006012,0.4470556076296721,1.1896896896896896,1.6058836793018205
0.8765531062124248,0.4471949321657358,1.1916916916916918,1.6055620955238137
0.8773547094188376,0.4130205532596651,1.1936936936936937,1.605111526373273
0.8781563126252505,0.47796232978484965,1.1956956956956957,1.6045341551645027
0.8789579158316634,0.4078249422512405,1.1976976976976976,1.603832224327238
0.8797595190380761,0.6425281617046094,1.1996996996996996,1.603008033890925
0.8805611222444889,0.5980424638199006,1.2017017017017018,1.6020639399359067
0.8813627254509018,0.4886205054339528,1.2037037037037037,1.6010023530125117
0.8821643286573146,0.46093972520918597,1.2057057057057057,1.5998257365290538
0.8829659318637274,0.48155006195458244,1.2077077077077076,1.598536605109784
0.8837675350701403,0.46312891911370463,1.2097097097097096,1.5971375229238431
0.884569138276553,0.5657670760157749,1.2117117117117118,1.5956311019862846
0.8853707414829659,0.4975011942310241,1.2137137137137137,1.5940200004322584
0.8861723446893788,0.45795602686144465,1.2157157157157157,1.592306920765457
0.8869739478957915,0.44485249060492144,1.2177177177177176,1.590494608081941
0.8877755511022044,0.6053586804257965,1.2197197197197196,1.5885858482704855
0.8885771543086172,0.4158681327126079,1.2217217217217218,1.5865834661905893
0.88937875751503,0.45328827661813564,1.2237237237237237,1.5844903238293124
0.8901803607214429,0.6248207521724066,1.2257257257257257,1.5823093184381176
0.8909819639278557,0.5474481664533621,1.2277277277277276,1.5800433806509022
0.8917835671342685,0.5850501020919059,1.2297297297297298,1.5776954725844177
0.8925851703406813,0.46488529033032033,1.2317317317317318,1.5752685859222915
0.8933867735470942,0.6225477285904143,1.2337337337337337,1.5727657399838617
0.894188376753507,0.47699601543535786,1.2357357357357357,1.5701899797790624
0.8949899799599198,0.4960693839312825,1.2377377377377377,1.5675443740505883
0.8957915831663326,0.5174230483829587,1.2397397397397398,1.5648320133045865
0.8965931863727454,0.6127995022460903,1.2417417417417418,1.5620560078311267
0.8973947895791583,0.5154678027090932,1.2437437437437437,1.5592194857157016
0.8981963927855712,0.5244065474966404,1.2457457457457457,1.5563255908430262
0.8989979959919839,0.5793796420380546,1.2477477477477477,1.5533774808943963
0.8997995991983967,0.5195307582336974,1.2497497497497498,1.550378325339876
0.9006012024048096,0.627660600442101,1.2517517517517518,1.5473313034265943
0.9014028056112224,0.5153196086840203,1.2537537537537538,1.5442396021644094
0.9022044088176353,0.47668265151585903,1.2557557557557557,1.5411064143102329
0.9030060120240481,0.4241720293422581,1.2577577577577577,1.537934936352278
0.9038076152304608,0.673718304617806,1.2597597597597598,1.5347283664955123
0.9046092184368737,0.5628571000304661,1.2617617617617618,1.5314899026495834
0.9054108216432866,0.45913495056583364,1.2637637637637638,1.5282227404204962
0.9062124248496994,0.7056419746793855,1.2657657657657657,1.5249300711073048
0.9070140280561122,0.5157305282536364,1.2677677677677677,1.5216150797050836
0.907815631262525,0.5818353320898083,1.2697697697697699,1.518280942915444
0.9086172344689378,0.5876385758880631,1.2717717717717718,1.514930827165845
0.9094188376753507,0.6449182318805405,1.2737737737737738,1.5115678866389484
0.9102204408817636,0.6400295257429238,1.2757757757757757,1.5081952613132625
0.9110220440881763,0.5738928087666006,1.2777777777777777,1.5048160750163067
0.9118236472945891,0.560281931467872,1.2797797797797799,1.5014334334915245
0.912625250501002,0.5323817106769894,1.2817817817817818,1.4980504224801576
0.9134268537074148,0.5707417454023647,1.2837837837837838,1.4946701058192908
0.9142284569138277,0.5637605293749317,1.2857857857857857,1.4912955235572674
0.9150300601202405,0.7582278023694106,1.2877877877877877,1.4879296900876426
0.9158316633266532,0.5442910898014683,1.2897897897897899,1.4845755923028723
0.9166332665330661,0.8501486828386907,1.2917917917917918,1.481236187768877
0.917434869739479,0.5530425722816564,1.2937937937937938,1.4779144029216238
0.9182364729458918,0.6303030238404642,1.2957957957957957,1.4746131312868749
0.9190380761523046,0.6775558507729607,1.2977977977977977,1.4713352317242057
0.9198396793587174,0.8668461579750556,1.2997997997997999,1.4680835266963852
0.9206412825651302,0.48619679531601645,1.3018018018018018,1.4648608005652208
0.9214428857715431,0.610056458705326,1.3038038038038038,1.4616697979149171
0.922244488977956,0.5419601156626179,1.3058058058058057,1.458513221903998
0.9230460921843687,0.6710394473499721,1.3078078078078077,1.4553937326468305
0.9238476953907815,0.6082746171950484,1.3098098098098099,1.4523139456257532
0.9246492985971944,0.7603335958553887,1.3118118118118118,1.449276430134796
0.9254509018036072,0.6871164265686003,1.3138138138138138,1.4462837077559652
0.9262525050100201,0.5846142387328919,1.3158158158158157,1.4433382508690462
0.9270541082164329,0.5474252888016767,1.3178178178178177,1.4404424811958374
0.9278557114228456,0.73412482184128,1.3198198198198199,1.4375987683797353
0.9286573146292585,0.657917581639792,1.3218218218218218,1.4348094286015365
0.9294589178356714,0.8157763743673073,1.3238238238238238,1.432076723232326
0.9302605210420841,0.6303342725824599,1.3258258258258258,1.42940285752428
0.931062124248497,0.7219634540663701,1.3278278278278277,1.4267899793401977
0.9318637274549098,0.7990855860484982,1.32982982982983,1.4242401779225315
0.9326653306613226,0.6462417103312671,1.3318318318318318,1.4217554827027006
0.9334669338677355,0.6264000006551372,1.3338338338338338,1.419337862151394
0.9342685370741483,0.6098142035521348,1.3358358358358358,1.4169892226705811
0.9350701402805611,0.6777456164753225,1.3378378378378377,1.4147114075279177
0.9358717434869739,0.736224459470167,1.33983983983984,1.4125061958341822
0.9366733466933868,0.6673234608638442,1.3418418418418419,1.410375301564377
0.9374749498997996,0.5672892651753745,1.3438438438438438,1.4083203726230902
0.9382765531062124,0.6476273807278219,1.3458458458458458,1.4063429899546862
0.9390781563126251,0.5768444383242423,1.3478478478478477,1.4044446666988557
0.939879759519038,0.75780828758091,1.34984984984985,1.4026268473920507
0.9406813627254509,0.6620351880048004,1.3518518518518519,1.4008909072152673
0.9414829659318638,0.5874847228502863,1.3538538538538538,1.3992381512886396
0.9422845691382765,0.8207023365842793,1.3558558558558558,1.3976698140132575
0.9430861723446893,0.8487632854324472,1.3578578578578577,1.396187058460607
0.9438877755511021,0.6356719416225334,1.35985985985986,1.3947909758099761
0.944689378757515,0.6460685233133512,1.3618618618618619,1.3934825848341772
0.9454909819639279,0.6287145601567936,1.3638638638638638,1.3922628314338639
0.9462925851703406,0.7860568841672805,1.3658658658658658,1.3911325882207193
0.9470941883767534,0.6446020410032323,1.367867867867868,1.3900926541497487
0.9478957915831663,0.69468707646089,1.36986986986987,1.3891437542008778
0.9486973947895792,0.8734938215388903,1.3718718718718719,1.3882865391100316
0.949498997995992,0.8097490774675076,1.3738738738738738,1.3875215851498317
0.9503006012024048,0.5731681149737605,1.3758758758758758,1.3868493939600224
0.9511022044088175,0.7357716827243987,1.377877877877878,1.3862703924276985
0.9519038076152304,0.7572921782213654,1.37987987987988,1.385784932617385
0.9527054108216433,0.7551250059483399,1.3818818818818819,1.3853932917509748
0.9535070140280562,0.7700299361914686,1.3838838838838838,1.3850956722375105
0.9543086172344689,0.6745923256719241,1.3858858858858858,1.384892201752756
0.9551102204408817,0.7008026911990689,1.387887887887888,1.3847829333684742
0.9559118236472945,0.8181335428947027,1.38988988988989,1.384767845731298
0.9567134268537074,0.8238903700424484,1.3918918918918919,1.3848468432910475
0.9575150300601203,0.9181145351088205,1.3938938938938938,1.3850197565783118
0.958316633266533,0.7031398786260694,1.3958958958958958,1.38528634253109
0.9591182364729458,0.8587103135019322,1.397897897897898,1.385646284870246
0.9599198396793587,0.7850001543338457,1.3998998998999,1.3860991945235062
0.9607214428857715,0.8120778701374738,1.401901901901902,1.3866446100976968
0.9615230460921844,0.7157231828839486,1.4039039039039038,1.387281998398886
0.9623246492985972,0.8984461167120863,1.4059059059059058,1.388010755000063
0.9631262525050099,0.8801485101061757,1.407907907907908,1.3888302048559624
0.9639278557114228,0.8812720174402765,1.40990990990991,1.3897396029646054
0.9647294589178357,0.8087994847627695,1.411911911911912,1.3907381350751027
0.9655310621242486,0.82952327469381,1.4139139139139139,1.3918249184412337
0.9663326653306613,0.658716489127651,1.4159159159159158,1.3929990026202876
0.9671342685370741,0.8214727287830572,1.417917917917918,1.3942593703166228
0.9679358717434869,0.7126670176219126,1.41991991991992,1.3956049382693707
0.9687374749498998,0.6357727087851021,1.421921921921922,1.3970345581836887
0.9695390781563127,0.9082820524935782,1.4239239239239239,1.398547017704926
0.9703406813627254,0.7191817677384239,1.4259259259259258,1.4001410414350557
0.9711422845691382,0.9451888462011746,1.427927927927928,1.4018152919906812
0.9719438877755511,0.75200047473344,1.42992992992993,1.4035683711019156
0.972745490981964,0.8904494573539656,1.431931931931932,1.4053988207513943
0.9735470941883767,0.7605838134854616,1.4339339339339339,1.4073051243526606
0.9743486973947896,0.817705514654221,1.4359359359359358,1.409285707967138
0.9751503006012023,0.7788681484550366,1.437937937937938,1.4113389415588804
0.9759519038076152,0.9221852074506448,1.43993993993994,1.4134631402862587
0.9767535070140281,0.8660421376390486,1.441941941941942,1.4156565658297369
0.9775551102204408,0.7871030896305392,1.4439439439439439,1.417917427754842
0.9783567134268537,1.0236778249258762,1.4459459459459458,1.4202438849094348
0.9791583166332665,0.9775630390126169,1.447947947947948,1.4226340468543477
0.9799599198396793,0.9092707466400785,1.44994994994995,1.4250859753264495
0.9807615230460922,1.0947078135902688,1.451951951951952,1.427597685733162
0.981563126252505,1.0057629266339385,1.4539539539539539,1.4301671486774434
0.9823647294589178,0.8445579837185303,1.4559559559559558,1.4327922915122313
0.9831663326653306,0.8185736271185049,1.457957957957958,1.4354709999233195
0.9839679358717435,0.9403561464677925,1.45995995995996,1.4382011195396178
0.9847695390781563,0.934708702340341,1.461961961961962,1.4409804575697438
0.9855711422845691,0.75085158037591,1.4639639639639639,1.4438067844638547
0.9863727454909819,1.0039806063679693,1.4659659659659658,1.4466778355996368
0.9871743486973947,0.96419201364115,1.467967967967968,1.4495913129913298
0.9879759519038076,0.8216504297423901,1.46996996996997,1.4525448870206712
0.9887775551102205,0.9845787515991733,1.471971971971972,1.4555361981886146
0.9895791583166332,0.799239450812959,1.473973973973974,1.4585628588866733
0.990380761523046,0.9321021699938601,1.4759759759759759,1.4616224551867223
0.9911823647294589,0.8303532583595781,1.477977977977978,1.464712548648081
0.9919839679358717,1.020220676690103,1.47997997997998,1.4678306781406905
0.9927855711422846,1.1648568467142721,1.481981981981982,1.4709743616831892
0.9935871743486974,0.8771471578639868,1.483983983983984,1.4741410982946732
0.9943887775551101,0.9309252673208748,1.485985985985986,1.4773283698589308
0.995190380761523,0.9759781252907817,1.487987987987988,1.4805336429999212
0.9959919839679359,1.1116035745349573,1.48998998998999,1.4837543709672754
0.9967935871743487,0.8905939330264228,1.491991991991992,1.4869879955305683
0.9975951903807615,0.881756155662727,1.493993993993994,1.4902319488811286
0.9983967935871743,1.0054836058135739,1.495995995995996,1.4934836555401356
0.9991983967935871,1.0678948504222765,1.497997997997998,1.4967405342717452
1.0,1.0442545156405014,1.5,1.4999999999999998
